wavenumber,sample1,sample2,sample3,sample4,sample5,sample6
207.59,1236.7,1219.2,1205.8,1184.4,1199.1,1185.3
208.45,1212.4,1220.9,1193.7,1188.7,1189.6,1177.5
209.31,1201.2,1234.9,1204.4,1177.6,1195.5,1188.4
210.17,1203.1,1210.7,1221.3,1197.5,1190.9,1190.3
211.03,1210,1200.8,1223,1199.2,1197.9,1192.8
211.89,1208.1,1203.4,1204.8,1192,1203.1,1195
212.75,1197.7,1213.1,1202.4,1192.3,1194.7,1195.9
213.62,1197,1233.4,1240.6,1194.5,1184.2,1195.7
214.48,1224.3,1219.1,1211.9,1202.9,1184.8,1183.6
215.34,1194.8,1224.3,1248.3,1198.5,1176.1,1207
216.2,1216.7,1233.3,1210.6,1178.3,1181.1,1193.3
217.06,1214.4,1225.4,1224.5,1183.9,1172.4,1191.8
217.92,1203.1,1225.9,1223.7,1210.8,1185.3,1196.5
218.78,1197.6,1223.6,1195.5,1212.5,1200.3,1179.8
219.64,1198.4,1213.7,1176.5,1186.2,1192.7,1156.6
220.5,1202.5,1235.9,1181.8,1206,1195.8,1187.4
221.36,1198.2,1235,1240.9,1197.3,1202.8,1147.4
222.22,1229.8,1238.3,1204.5,1208.7,1211.4,1187
223.08,1225.4,1219.2,1201.2,1197.6,1203.1,1215.5
223.95,1234.8,1218.5,1198.4,1190.8,1204.2,1185.4
224.81,1233.8,1221.3,1196.8,1190.5,1198.6,1174
225.67,1217.2,1222.1,1210.3,1197.6,1197.4,1186.8
226.53,1212.3,1230.6,1228.7,1208.9,1219.6,1172.3
227.39,1218.5,1230.7,1202.9,1195.7,1216.2,1187.3
228.25,1227.2,1258.6,1234.3,1207,1186.6,1191.6
229.11,1243.1,1210.9,1223.5,1214.4,1225.3,1176.9
229.97,1224.4,1211.3,1208.7,1204,1224,1181
230.83,1209.8,1223.3,1201.9,1195.3,1218,1197.8
231.69,1210.6,1226,1214.8,1189.8,1196.9,1203.3
232.55,1211.9,1220,1229.8,1187.5,1175.9,1198.9
233.41,1202.8,1212.2,1210.7,1193,1204.6,1204.9
234.28,1213.2,1213.1,1180.2,1187.6,1219.4,1181.3
235.14,1226.3,1217.4,1190.7,1220.7,1187.2,1197.9
236,1206,1224.1,1203.4,1196.2,1184.5,1178
236.86,1219.2,1236.7,1208.3,1184.5,1210.2,1191.2
237.72,1218,1225.5,1209.5,1202,1212,1196.5
238.58,1211.3,1215.1,1198.8,1217.7,1207.2,1188.5
239.44,1225.9,1228.5,1183.4,1209.8,1209.5,1189.4
240.3,1237.1,1230.3,1194.2,1206.1,1176.8,1198.3
241.16,1230.1,1210.3,1196,1229.6,1197.7,1185.2
242.02,1216.3,1194.6,1190.8,1194.8,1177.4,1173.8
242.88,1230.1,1220.5,1207.5,1202.1,1198.1,1201.9
243.74,1213.7,1225.6,1211,1188.9,1196.2,1181.7
244.6,1200.4,1221,1212.3,1174.2,1192.8,1163.4
245.47,1208.6,1222.1,1206.3,1181,1196.7,1173.3
246.33,1219.7,1224.5,1197.6,1200.9,1197.1,1185.5
247.19,1215.4,1218.7,1230.8,1199.5,1201.9,1179.7
248.05,1218.9,1216.1,1219.5,1156.7,1210.7,1177.1
248.91,1203.9,1228.6,1190.5,1173.4,1211.8,1171.1
249.77,1203.1,1227.5,1188.5,1187.7,1213.4,1167.2
250.63,1209.2,1219,1208.7,1205.4,1196.5,1180
251.49,1211.6,1214.5,1212.4,1200.8,1183.1,1190.9
252.35,1215.9,1216.7,1205.3,1193.2,1186,1178.5
253.21,1229.2,1223.2,1216.2,1210,1194.6,1156.5
254.07,1233.5,1232.5,1224,1202.1,1197.9,1178.6
254.93,1227.3,1193.2,1212.6,1203,1208.4,1185.6
255.79,1210.5,1200.9,1202.9,1216.2,1190,1179.4
256.66,1223.8,1218.3,1187.7,1228.1,1210.4,1185.7
257.52,1223,1222.7,1207.2,1197.1,1209,1180.4
258.38,1216.5,1224.6,1217.1,1180.8,1189.7,1176.7
259.24,1218.6,1232.2,1209.2,1195.6,1178,1180
260.1,1223.4,1230.6,1213.9,1206.3,1187,1178.2
260.96,1219.2,1197.8,1204.6,1223.7,1215.8,1169
261.82,1196.5,1220.5,1199.3,1170.4,1213.2,1143.6
262.68,1207.3,1214.6,1208,1196.5,1191.7,1162.5
263.54,1210.7,1222,1205.1,1190.5,1186.3,1190.6
264.4,1215,1208.9,1209.8,1189.5,1194,1191.9
265.26,1222,1200,1226.1,1189,1202.7,1179.2
266.12,1224.8,1207.9,1220.5,1194.2,1206.3,1174.5
266.98,1220.8,1216.7,1186.2,1211.1,1203.3,1179.2
267.85,1222.8,1228.5,1215.1,1190.4,1187,1176.8
268.71,1207.9,1234.6,1203.7,1182.5,1174.8,1187.3
269.57,1202.9,1238.3,1211.2,1208.3,1196.2,1167.5
270.43,1210.4,1232,1201.8,1206.3,1199.6,1187.4
271.29,1209.4,1202.6,1194.1,1193.8,1176.7,1199.2
272.15,1206.5,1199.6,1196.5,1188.8,1178,1201.8
273.01,1205.4,1217.4,1202,1181.9,1201.6,1200.7
273.87,1200.4,1215,1203,1166.2,1195.7,1190.8
274.73,1195.4,1225.8,1207.2,1182.2,1159.9,1178.1
275.59,1211.2,1212.7,1209.9,1217.2,1169.5,1179
276.45,1203.7,1221.2,1228.3,1179.1,1162.5,1180.7
277.31,1209.1,1231.5,1220,1178.8,1158.9,1176.8
278.17,1223.7,1223.3,1203.3,1173.8,1168.5,1183.2
279.03,1236.6,1222,1188,1179.6,1185.7,1174.2
279.9,1227.7,1228,1181,1185.2,1199,1174.7
280.76,1203.3,1218.6,1183.7,1178,1204.3,1205.5
281.62,1213.1,1200.6,1185.6,1211.1,1207.9,1191.3
282.48,1195.5,1215.5,1182.1,1248.8,1197.3,1175.5
283.34,1175.4,1227.1,1191.4,1182.8,1172.3,1179.2
284.2,1198.2,1213.7,1190.1,1191.4,1178.9,1172
285.06,1205.6,1210.4,1204.8,1190.5,1193.9,1187.2
285.92,1206.4,1216.4,1200.5,1185,1177.7,1194.6
286.78,1210.1,1210.5,1202.4,1182.8,1165.7,1182.7
287.64,1213.9,1196.1,1224.6,1182.8,1185.4,1167.6
288.5,1215.7,1206.6,1196,1195.7,1177.4,1159.3
289.36,1184.1,1189,1181,1201,1180,1154
290.22,1201.5,1181.1,1208.2,1178.2,1192.3,1146.1
291.08,1216.8,1195.1,1203.7,1201.4,1173.6,1139.7
291.95,1206.4,1201.9,1195.9,1195.4,1167.6,1158.3
292.81,1215,1207.1,1176,1191.6,1173.7,1162.8
293.67,1216,1199.6,1169,1188.5,1182.5,1165
294.53,1196.8,1193.2,1182.5,1180.3,1186.4,1176
295.39,1204.1,1218.4,1186.5,1187.3,1182.8,1166.3
296.25,1188.6,1192.8,1216.2,1178.2,1187.1,1156.4
297.11,1206.2,1185.7,1194.2,1182.6,1190.6,1138.8
297.97,1210.4,1204.8,1196.8,1183.8,1196.5,1169.4
298.83,1207,1219.4,1183.2,1183.3,1185.2,1174
299.69,1206.7,1208.5,1189.2,1170.3,1180.7,1167
300.55,1195.5,1196.4,1195.7,1163.5,1186.8,1161.7
301.41,1190.5,1199.5,1198.7,1170.2,1191.1,1168.1
302.27,1214.7,1206.5,1215.1,1169.4,1188.2,1181.2
303.13,1209.2,1213.5,1202.9,1148.7,1191.4,1159.5
304,1210.9,1219.7,1202,1180.3,1172,1141.9
304.86,1199.3,1203.3,1225.4,1178.7,1174.3,1171
305.72,1190.6,1209.3,1193.5,1180.9,1193.6,1174.1
306.58,1199.3,1217.2,1190.9,1188.6,1180.1,1165.8
307.44,1202.7,1220.5,1199.5,1178.2,1169.3,1151
308.3,1200.5,1209.5,1197.8,1164.5,1168.3,1152.6
309.16,1203.5,1185.6,1198.8,1172.6,1169.4,1174.3
310.02,1200.3,1180.1,1210.2,1184,1196.7,1171.6
310.88,1210,1216.9,1183,1184,1180,1169
311.74,1205.6,1205.5,1191.9,1189.3,1171.1,1169.9
312.6,1210.4,1205.5,1199.9,1173.1,1158.5,1167.7
313.46,1201,1219.7,1189,1181.7,1171.9,1159.2
314.32,1185.4,1220.6,1188.9,1193.3,1175.7,1159.3
315.18,1172,1202.5,1186.7,1187,1177.2,1154.7
316.04,1179.3,1184.1,1182.8,1177.2,1178.5,1148.4
316.91,1214.6,1189.9,1195.8,1185.6,1166.2,1164.8
317.77,1222.1,1225.6,1172.9,1178.9,1188.2,1181.1
318.63,1223.9,1219.4,1185.2,1177.1,1162.6,1168.8
319.49,1204.1,1214.9,1186.8,1172,1170.1,1176.3
320.35,1208.5,1216.1,1192,1183.8,1189.8,1191.5
321.21,1217.4,1213.4,1192.8,1179.5,1187.5,1175
322.07,1208.6,1200,1189.6,1174,1191.5,1171.5
322.93,1200.8,1190.9,1193.5,1185.5,1190.3,1179
323.79,1206.4,1200,1204.5,1198.9,1176.9,1174.5
324.65,1195.2,1210.1,1198.5,1179,1196.5,1190.1
325.51,1215.7,1197.2,1168.7,1152.5,1146.7,1204
326.37,1190.9,1209.6,1206.7,1177.2,1187.4,1198.7
327.23,1195.1,1190,1198.5,1158.2,1180.3,1161.4
328.09,1202.4,1201.4,1189.1,1178.7,1185.7,1147.1
328.95,1211.7,1217.8,1185.5,1166.2,1191.2,1161.1
329.82,1211.5,1217.1,1185.1,1154.2,1196.9,1187.6
330.68,1207.7,1218.6,1193.4,1170.9,1194.8,1186
331.54,1217.6,1227.6,1212.7,1186.8,1178.3,1150.5
332.4,1224.8,1179.2,1214.2,1207,1183.5,1169.8
333.26,1201.8,1220,1165.5,1185.7,1187,1156.6
334.12,1198.6,1200.5,1212.3,1179.1,1171.7,1175.1
334.98,1213.1,1212.8,1208.9,1172.9,1195.2,1177.5
335.84,1205,1189.8,1202,1173.7,1172,1174.7
336.7,1203.4,1177.8,1190.3,1179.3,1169.7,1174.8
337.56,1216.5,1197,1187.6,1188.8,1186,1170.2
338.42,1219.2,1209.1,1200.3,1196,1180.8,1163.9
339.28,1203.1,1185.6,1206,1192.7,1168,1168.4
340.14,1221.6,1193.6,1195.1,1190.3,1181.1,1159.4
341,1227,1214,1180.1,1191.2,1179.3,1160.3
341.86,1195.7,1190.2,1176.7,1189.6,1183.4,1144.5
342.72,1197.9,1169.4,1178.3,1174.2,1151.9,1172.2
343.59,1211,1210.5,1184.6,1193.1,1181,1170.4
344.45,1209,1227.4,1193.1,1196,1191,1152.5
345.31,1203.8,1209.1,1202.4,1179.6,1177.8,1156.3
346.17,1215.7,1199,1205.5,1176.3,1184.2,1169.4
347.03,1229.4,1194.2,1192,1177.9,1177.3,1153.1
347.89,1207.6,1216.6,1175.6,1171.5,1156.7,1184.5
348.75,1211.1,1223.7,1205.8,1198.1,1186.8,1187.2
349.61,1195.1,1208,1184.6,1188.1,1186.8,1169.5
350.47,1187.9,1212.7,1212.3,1176.2,1183.5,1172.5
351.33,1202.4,1217.5,1210.3,1174.7,1179.9,1169.6
352.19,1203.4,1212.1,1205.5,1173,1170.2,1156.4
353.05,1195.4,1209,1206.4,1173,1177.8,1149.1
353.91,1199.7,1214.3,1199.1,1175.5,1201,1150.2
354.77,1199.8,1211.3,1201.6,1169.1,1182.9,1143.5
355.63,1213.5,1210.8,1167.9,1196.5,1167.9,1161.4
356.49,1211.7,1196.6,1186.6,1169.8,1155.5,1157
357.35,1199.4,1203.4,1202.8,1189.2,1164,1192.9
358.22,1211.9,1206,1181.9,1168.6,1172.6,1164
359.08,1199.2,1201.7,1173.1,1168,1183,1173.4
359.94,1198.9,1207.4,1179.5,1176.4,1182.2,1182.1
360.8,1211,1222.1,1192.2,1172,1176.8,1165.4
361.66,1208.6,1227.1,1203.1,1170.6,1182.7,1154.4
362.52,1213.6,1213,1195.2,1193.7,1190.7,1153.8
363.38,1207.7,1186.8,1171,1189.6,1180.3,1154.5
364.24,1208.6,1198.4,1190.6,1194.1,1177.7,1148.2
365.1,1216,1188.9,1181,1163.6,1176.6,1181.8
365.96,1211.3,1182.2,1184,1153.7,1196.8,1174.3
366.82,1189.7,1185.8,1205.3,1169.7,1191.8,1151.2
367.68,1191.6,1202.9,1215,1176.7,1185.8,1151.3
368.54,1210.7,1210.8,1199.1,1180.5,1183.9,1165.6
369.4,1211.5,1202.1,1178.4,1189.8,1173.4,1168.2
370.26,1203.9,1207.2,1180.1,1176.1,1172.6,1163.2
371.12,1226.5,1195.9,1189.4,1190.3,1185,1144.8
371.98,1221.1,1225.3,1188.5,1185.9,1194.8,1166.2
372.85,1217.5,1189.5,1187.6,1213.7,1184,1175.3
373.71,1209.6,1212.3,1197.5,1193,1180.1,1168.9
374.57,1215.9,1211.7,1222.1,1184.4,1190.5,1169.5
375.43,1210.3,1214,1220.4,1191.6,1196,1159.4
376.29,1212.9,1224.1,1209.4,1182.7,1195.3,1159.4
377.15,1226.3,1218.7,1215.2,1162.7,1197.7,1174.9
378.01,1203.3,1205.3,1213.8,1174.3,1199.9,1165.2
378.87,1195.9,1200.1,1209,1191.4,1194.2,1166.7
379.73,1196.8,1208.2,1189.4,1187.8,1163,1163.1
380.59,1196.9,1216.2,1190.2,1195.3,1186.2,1153.6
381.45,1211.7,1234.6,1207.6,1198.9,1189.1,1146
382.31,1197.2,1226.6,1188.7,1200.3,1193.1,1162.4
383.17,1195.4,1210.7,1183,1197.5,1194.6,1174.6
384.03,1217.4,1215.4,1185.9,1193.4,1188.6,1159.2
384.89,1240.6,1223.8,1187,1184.5,1182.9,1146.7
385.75,1240,1209.9,1200,1173.2,1182.8,1172.9
386.61,1197.1,1221.7,1188.1,1193.6,1173.8,1181.3
387.47,1189,1213.7,1202.4,1219.5,1193.5,1157.3
388.34,1194.3,1219.8,1205.2,1182.5,1186.6,1165.9
389.2,1200.5,1223.8,1182.2,1184.8,1170.1,1151.5
390.06,1218.8,1207.8,1198.4,1174,1184.5,1164.6
390.92,1210.6,1192.9,1201.6,1185.9,1186.9,1181.6
391.78,1198.5,1198.7,1195.1,1185,1192.3,1179.4
392.64,1206.1,1214.9,1197.4,1164.6,1193.4,1166.3
393.5,1216.6,1218.2,1198.1,1166.2,1172.5,1162.4
394.36,1212.4,1208.5,1189.6,1186.2,1171,1172.6
395.22,1231.4,1195.8,1219,1171.6,1167.3,1210.3
396.08,1214.4,1198.5,1204.7,1191.3,1180.7,1189.8
396.94,1232.9,1234.2,1193.7,1189.5,1192.5,1180.8
397.8,1200.4,1225.2,1177.9,1204.7,1186.8,1161.9
398.66,1204,1205.8,1189.2,1206.5,1183.8,1157.1
399.52,1214.6,1200.3,1199.6,1199.3,1175.6,1161.8
400.38,1206.5,1208.4,1198.4,1188.4,1180,1174.6
401.24,1200.6,1217.7,1190.9,1179.2,1189.4,1183.5
402.1,1216.9,1218,1180.4,1179.5,1172.7,1173.3
402.96,1230.5,1213,1191.7,1179.4,1187.1,1174.8
403.82,1213.5,1234.5,1191.7,1193.7,1209.5,1150.6
404.69,1206.2,1207.4,1187.3,1190.4,1168.3,1179.5
405.55,1214.6,1207.7,1187.5,1181.4,1186.2,1177.1
406.41,1217.2,1216.2,1211.3,1192.4,1184.1,1190.9
407.27,1209.8,1208.4,1193.5,1201.8,1193.6,1189.8
408.13,1208.5,1196.1,1194.1,1194.1,1181,1186.7
408.99,1216.2,1195.5,1216.4,1186.2,1161.8,1185.7
409.85,1216.1,1211.5,1199.5,1183.9,1186.6,1174.5
410.71,1200.5,1235.7,1174,1160.7,1218.7,1167.8
411.57,1197,1217.8,1205.9,1160.5,1194.3,1175.1
412.43,1208.7,1200.8,1175.4,1186.6,1168.3,1169.7
413.29,1211,1213.4,1219.5,1197.3,1183,1147.4
414.15,1238.2,1228.5,1206.9,1192.3,1165.8,1159.9
415.01,1223,1229,1217.8,1181,1178.2,1166.1
415.87,1220.7,1211.8,1211,1179.3,1187.3,1152.5
416.73,1223,1201.1,1210.3,1175,1174.6,1150.2
417.59,1213.1,1204.6,1213,1176.1,1162.6,1162.2
418.45,1219,1207.3,1188.9,1195.6,1169.1,1166.4
419.31,1236.4,1213.6,1204.7,1195.1,1171.3,1182.2
420.17,1209.4,1224.2,1197.7,1201,1160.9,1179.3
421.03,1206.7,1199.9,1193.2,1168.7,1189.7,1170.3
421.9,1194.1,1216.1,1201.1,1194.2,1211,1176.2
422.76,1228.5,1224.3,1199.9,1187.8,1200.5,1184.1
423.62,1208.2,1221,1187,1181.2,1195.6,1195.4
424.48,1214.2,1214.3,1186.6,1190,1198.1,1193.8
425.34,1220,1207.2,1196.2,1192.4,1200.5,1187.7
426.2,1199,1204.2,1196.7,1188,1197.5,1192.5
427.06,1203.1,1214.5,1189,1198.2,1183.5,1200.3
427.92,1186.3,1229.5,1192.7,1199.1,1162.9,1188.6
428.78,1207.3,1196.7,1192.3,1205.4,1184.1,1165.9
429.64,1241.5,1230,1213,1165.8,1185.9,1176.7
430.5,1211.9,1209.3,1216.5,1198.2,1192.6,1180.2
431.36,1205.3,1212.7,1202.5,1199,1191.9,1183.6
432.22,1211.2,1196.9,1208,1201.2,1188,1181.7
433.08,1228.1,1204.7,1208.7,1207.3,1184,1180.8
433.94,1224.4,1203,1200,1202.7,1188.4,1176.8
434.8,1206.8,1188.8,1193.7,1191.9,1200,1173.6
435.66,1220.5,1211.8,1194.8,1187.5,1203.1,1181
436.52,1229.3,1192,1214.4,1176.9,1192.3,1176.4
437.38,1218.1,1213,1203,1196.1,1193.4,1165.9
438.24,1192,1207.6,1206.6,1188.9,1205.1,1166.8
439.1,1190.6,1201.4,1220.1,1176.8,1197.1,1162.8
439.96,1192.9,1211.7,1210.7,1211.9,1190.1,1175.6
440.83,1236.9,1243.6,1211.6,1216.3,1189.4,1189
441.69,1231.2,1241.7,1209.7,1204,1203.9,1188.1
442.55,1210.1,1228.2,1193,1197,1215.3,1187.2
443.41,1211.6,1216.7,1180,1190.7,1212.2,1173.8
444.27,1202.9,1196.3,1189.9,1187.6,1204.3,1146.3
445.13,1228.2,1231.3,1203.3,1206,1191.5,1187.8
445.99,1217.9,1219.4,1204.9,1189.4,1193.2,1211.8
446.85,1218.8,1223.9,1203.1,1165.1,1191.4,1183
447.71,1205.4,1226.7,1229.1,1168.4,1208.1,1180.2
448.57,1214.8,1219,1226.6,1187.2,1208.3,1196.4
449.43,1206,1213,1201.4,1188.9,1193.1,1187.8
450.29,1217.5,1214,1206.6,1176,1185.8,1178.4
451.15,1233.4,1211.7,1218.8,1171,1186.8,1184.3
452.01,1219.7,1215.1,1215.7,1180.8,1194.4,1187.8
452.87,1196.8,1220.2,1209.1,1195.3,1200.3,1183.5
453.73,1207.9,1194.4,1192.5,1205.3,1180.2,1198.3
454.59,1224.8,1224.4,1197.5,1185.2,1180.4,1193.9
455.45,1251.1,1198.2,1230.9,1209.6,1195.8,1191.2
456.31,1223.2,1224.3,1212,1195.7,1200.7,1195.5
457.17,1214.3,1241.5,1226.2,1217.5,1210.7,1168.2
458.03,1215.7,1224.2,1200.5,1212.3,1212,1165.6
458.89,1238,1219.6,1194.3,1210.6,1212.5,1170.5
459.75,1235.5,1212.6,1209.4,1198.9,1210.9,1173.2
460.62,1206.9,1214.3,1214.8,1194.1,1210.7,1177.7
461.48,1205.9,1233.1,1215.8,1209.3,1207,1181.8
462.34,1236.2,1226.1,1235,1200.3,1190.6,1176.4
463.2,1218.5,1209.2,1238.2,1179.2,1196.8,1167.4
464.06,1229.8,1208.6,1239,1209.3,1208.3,1152.6
464.92,1208.1,1226.7,1227.2,1186.7,1201.1,1178.8
465.78,1221.8,1226.7,1220.4,1210.1,1179.9,1185.4
466.64,1215.7,1223.5,1214.1,1198.1,1181.3,1170.3
467.5,1214.7,1214.2,1207.8,1185.9,1182.2,1194.7
468.36,1219.9,1226.1,1205.7,1199.8,1172.9,1205.3
469.22,1216.1,1220.9,1201.8,1197.3,1169.5,1192.7
470.08,1205.8,1204.8,1194.8,1182.6,1175.2,1187.2
470.94,1212.9,1220.4,1197.3,1195.9,1172.9,1192.1
471.8,1233.3,1223.8,1209.5,1193.1,1172.5,1187
472.66,1193.5,1240.6,1197.4,1176.5,1221.7,1164.1
473.52,1210.8,1228.8,1226.4,1201,1184.6,1160.5
474.38,1211.3,1222.3,1215.8,1198.2,1183.5,1188.6
475.24,1218.4,1221.5,1195.3,1207.9,1205.6,1174.3
476.1,1214.7,1209,1206.9,1206.5,1199,1152.8
476.96,1229.1,1208.3,1230.5,1195.7,1192.3,1160.5
477.82,1232.7,1211,1242.3,1200.9,1201.7,1182.2
478.68,1207.8,1218.4,1230.8,1206.7,1199.9,1184.8
479.54,1199.8,1230.5,1208.1,1191.3,1185.2,1176.4
480.4,1228.1,1233.7,1201.4,1184.6,1186.5,1187.5
481.26,1209.2,1237.4,1215,1220.9,1184,1195
482.13,1219.7,1236.6,1213.1,1220.8,1209.3,1180.5
482.99,1206.1,1237.5,1208.5,1201.7,1164.9,1198.7
483.85,1202.8,1246.2,1221.2,1194.8,1196.2,1183.2
484.71,1214,1249.9,1229.5,1186.9,1210.1,1176
485.57,1218.8,1247.8,1204.2,1202.5,1186.8,1185.5
486.43,1221.2,1238.9,1202.5,1221.4,1192.3,1191.2
487.29,1219,1228.1,1213.3,1211,1195.2,1178.8
488.15,1211.4,1221.8,1209.5,1197.3,1184.9,1177.8
489.01,1213.6,1226.2,1205.3,1202.9,1182.1,1186.9
489.87,1226.6,1231.1,1218.6,1197.5,1180,1170.1
490.73,1210.2,1206.6,1217.8,1186.6,1190.5,1177
491.59,1214.4,1218.7,1207,1192.1,1226.6,1166.4
492.45,1211.7,1198.7,1198.8,1196.6,1179.3,1182.8
493.31,1229.6,1211.4,1195,1180.6,1169,1182
494.17,1214.9,1208.3,1210.5,1200.2,1186.2,1174.1
495.03,1217.7,1212.8,1209.3,1218.4,1193.8,1173.8
495.89,1222.2,1231.6,1209.4,1210.4,1177.7,1165.9
496.75,1213.6,1239.7,1200.9,1188.4,1180.2,1163.8
497.61,1215.7,1240,1199,1186.6,1197.2,1176
498.47,1230,1230.3,1213.7,1201.6,1192.5,1189.7
499.33,1227.3,1202.5,1217.5,1207.2,1175.5,1194.1
500.19,1226.5,1213.4,1213.6,1222.8,1179.3,1193.7
501.05,1208.8,1222.5,1208.8,1192.8,1188.8,1187.4
501.91,1229.8,1200.6,1215.2,1223.7,1189.8,1197.5
502.77,1198.3,1200.6,1185.8,1169.1,1175,1176.9
503.63,1214.1,1218.8,1179.9,1178.3,1187.7,1176.2
504.49,1238.5,1226.5,1212.2,1183.7,1200.2,1176.2
505.35,1230.9,1240.5,1221.6,1185.8,1188,1172.3
506.22,1214.5,1253.4,1202.4,1183.4,1200.2,1171.5
507.08,1210.5,1239.2,1195.2,1182.2,1205.3,1173.8
507.94,1211.4,1218.5,1197.6,1189.5,1177,1189
508.8,1210.5,1226.8,1179.5,1188.9,1170.3,1211.4
509.66,1215.4,1229.8,1176.7,1163.6,1197.5,1195.7
510.52,1214.3,1230.3,1206.8,1172.8,1209.2,1182.9
511.38,1219.8,1235.8,1198.6,1192.9,1189.1,1170.1
512.24,1218.9,1205.1,1195.8,1207.5,1162.7,1182.7
513.1,1217.2,1205.1,1207.8,1178.1,1188.5,1170.2
513.96,1224.1,1211.7,1191.6,1190.8,1183.2,1189.7
514.82,1213.4,1204.2,1200,1196.8,1182.8,1183.3
515.68,1225.3,1209.4,1206.9,1183.9,1189.4,1188.4
516.54,1238.5,1219.7,1207.9,1192.4,1200.9,1198.2
517.4,1236.3,1221.1,1212.9,1214.3,1215.3,1195.6
518.26,1242.5,1228.4,1225.8,1215.3,1226.6,1191.7
519.12,1257.6,1254.8,1242.4,1216.9,1231.9,1193
519.98,1258.6,1272,1224.3,1234.6,1227.1,1209.8
520.84,1221,1237.3,1236.5,1257.1,1221,1200.5
521.7,1222.8,1246.4,1234.7,1205,1222,1208.7
522.56,1220.4,1237.4,1236.4,1194.4,1209,1178.9
523.42,1216.1,1228.9,1209.3,1193.2,1193.8,1192.2
524.28,1212.9,1205.4,1212.8,1184.9,1192.1,1201.4
525.14,1218.1,1227,1204.9,1177.6,1210.1,1185.6
526,1214.2,1231.2,1189.8,1197.2,1200.1,1168.5
526.86,1215.4,1213.9,1194.6,1209.8,1181.5,1168.1
527.72,1234.5,1208.2,1217.9,1195,1180.6,1172.9
528.58,1239,1206.3,1216.9,1188.2,1174.6,1166.8
529.44,1211.8,1216.1,1171.6,1197.2,1172.5,1158
530.3,1222,1241.5,1186.1,1198.3,1202,1160.5
531.16,1202.8,1227.9,1198.9,1171.8,1174.3,1153.7
532.02,1187.3,1221.5,1212.7,1203,1186.2,1173.8
532.88,1210.7,1206.6,1217.9,1195.2,1177,1165.2
533.75,1202.2,1221.5,1198.9,1193.3,1186.5,1166.4
534.61,1194.1,1215.5,1207.7,1192,1182.7,1160.6
535.47,1218.9,1214.8,1200.5,1192.5,1201.2,1183
536.33,1234.1,1227.8,1212.2,1197.5,1196.7,1176.9
537.19,1219.2,1220.8,1222.5,1214.2,1176.4,1161.3
538.05,1207.7,1212.5,1207.4,1219.3,1184.8,1172.2
538.91,1212,1228.1,1206.1,1197.4,1193.9,1170.8
539.77,1199.5,1204.5,1207.4,1197,1168.3,1161
540.63,1199.4,1222.2,1197.3,1182.4,1197.5,1176.2
541.49,1229.1,1195.4,1202.7,1191.5,1209.9,1164.7
542.35,1220.9,1217.4,1197.2,1195.2,1188.8,1182.2
543.21,1216.9,1229.3,1199.3,1185.3,1177,1165.7
544.07,1220.9,1239.5,1197.5,1178.1,1200.5,1186.2
544.93,1229.8,1244.2,1226.8,1178.5,1209.6,1172.4
545.79,1227.3,1225.9,1222.2,1165.7,1180.8,1181.8
546.65,1213.5,1216.8,1212.4,1166.8,1163.3,1193.5
547.51,1206.1,1208.8,1227.5,1180.8,1173.6,1192.2
548.37,1221.5,1207.7,1235.7,1191.8,1192.8,1192
549.23,1233.3,1223.4,1218.7,1202.6,1207.5,1191
550.09,1203.9,1200,1219,1202.4,1200.5,1185.9
550.95,1215.9,1203.7,1241.5,1185.5,1178.4,1182.1
551.81,1228,1238.9,1215.2,1155.1,1164,1177.5
552.67,1215.1,1198.4,1225.3,1202.9,1185.2,1172.9
553.53,1225.7,1197.1,1213.7,1196.9,1174.2,1164.9
554.39,1224.3,1220.8,1228.4,1214.5,1194.4,1166.1
555.25,1205.8,1208.1,1221.6,1209,1202.5,1160.3
556.11,1202.2,1195.8,1208.1,1205.2,1195.2,1175.3
556.97,1220.9,1213.5,1210,1186.5,1197.5,1180.8
557.83,1226.1,1220.5,1203.8,1193.4,1197.3,1165.6
558.69,1211.9,1213.1,1193.4,1225,1182.3,1153.9
559.55,1201.1,1220.8,1203.8,1222.9,1179.2,1160.7
560.41,1201.2,1215.4,1210.2,1194.8,1200,1174.3
561.27,1223,1189.4,1194.4,1184,1194.8,1183.1
562.13,1196.6,1212.4,1197.6,1198.4,1193,1183.9
562.99,1197.5,1200.4,1205.9,1208.5,1214.2,1171
563.85,1204.8,1215.8,1204.1,1189.5,1171.7,1162.7
564.71,1213.9,1206.5,1208.1,1181.8,1190.7,1171
565.57,1213.3,1231.4,1218.8,1201.7,1169.9,1200
566.44,1204.5,1216.8,1205.8,1199.9,1172.2,1184.7
567.3,1211.9,1221.4,1203.3,1185,1182.8,1165.8
568.16,1212.4,1233.9,1198.7,1193.7,1191.1,1170.7
569.02,1222.7,1231.4,1195.8,1219.7,1205.5,1168.6
569.88,1225.2,1230.3,1205.6,1218.6,1207.3,1156.1
570.74,1196,1232.3,1204.4,1186.9,1191.2,1168.4
571.6,1213.2,1220.2,1189.9,1178.6,1191.9,1184.5
572.46,1228.7,1223.6,1211,1193.8,1164,1166.9
573.32,1242.3,1224.2,1224.6,1194,1202.6,1192.3
574.18,1235,1201.1,1215.3,1198.6,1203.5,1160
575.04,1222.2,1228.1,1201.6,1184.5,1206.2,1191.2
575.9,1201.2,1221.6,1205.8,1195.8,1191.8,1182
576.76,1201.9,1207.6,1198.2,1197.3,1184.8,1202.7
577.62,1197.2,1214,1215.6,1186.9,1198.1,1195.8
578.48,1208.4,1244,1202.1,1187.1,1200.9,1181.7
579.34,1225.9,1241.6,1180.5,1184.2,1203.7,1192.4
580.2,1235.8,1214.7,1190.4,1194.3,1204.4,1193.7
581.06,1228.8,1221.6,1209.8,1213,1195.5,1179.3
581.92,1214.2,1246,1209.2,1209.8,1201.7,1176.2
582.78,1223.8,1223.4,1206.6,1212.6,1220.3,1153
583.64,1214.9,1204.9,1215.3,1202.3,1191.2,1157.8
584.5,1261.6,1241.6,1210.7,1191.8,1189.1,1195.3
585.36,1239.5,1243.5,1219.9,1189.9,1197.4,1180.6
586.22,1235.3,1215.6,1189.5,1181.8,1175.1,1177.5
587.08,1245.7,1205.1,1198.5,1166.9,1184.2,1176.4
587.94,1237.4,1214.8,1199.7,1200,1187.4,1187.5
588.8,1225.8,1221.2,1197.1,1196.4,1193.8,1210.2
589.66,1212.9,1225,1205.2,1185.3,1191.9,1201.2
590.52,1214.9,1230.8,1213.3,1186.6,1191.3,1186.7
591.38,1218.4,1224.6,1219.7,1193.1,1200,1180.7
592.24,1220.4,1213.3,1206.7,1194.3,1207.7,1181.6
593.1,1222.2,1220,1189.2,1187.6,1202.3,1192.1
593.96,1205.9,1224.6,1216.5,1184,1189,1194.3
594.82,1219.7,1200.5,1205,1192.4,1186.1,1187.5
595.68,1224.1,1218.5,1194.7,1200.8,1184,1191
596.54,1236.2,1239.5,1211.2,1209.9,1197.8,1220.1
597.4,1253.8,1227.5,1202.8,1193.2,1200.5,1179.3
598.26,1216.4,1229.2,1212.6,1202.4,1195.6,1196.2
599.12,1207.7,1228.8,1202.4,1181.2,1207.4,1192.3
599.98,1214.2,1235.1,1187.1,1181.5,1179.4,1185.4
600.84,1222.9,1238.9,1207.2,1199.4,1187.3,1172.6
601.7,1229.5,1222.1,1231.5,1203,1197.1,1179.5
602.56,1227.7,1215.6,1226.4,1201.1,1186.4,1177.1
603.42,1218.9,1210.5,1203.2,1190.4,1178.5,1164.5
604.28,1210,1198.6,1195.6,1173.8,1186.1,1170.8
605.14,1210,1212.1,1218.4,1188.4,1196.7,1183.3
606,1222.1,1223.1,1240.9,1217.2,1201.3,1186.5
606.86,1212.9,1221.2,1216.7,1190.9,1206.7,1190.4
607.72,1229.3,1224,1218.4,1170.8,1179.9,1189.8
608.58,1215.4,1213.9,1204.5,1181,1179.9,1193.5
609.44,1214.3,1228.4,1214.4,1170.2,1178,1178.9
610.3,1228.6,1217.9,1203.5,1186.1,1167.7,1162.4
611.17,1213.5,1212.7,1202.1,1193.8,1179,1175.1
612.03,1215.3,1240.6,1210.1,1200.1,1171.7,1190.2
612.89,1230.3,1230,1220.3,1211.7,1184.6,1190.2
613.75,1228.9,1211.2,1209.2,1209.3,1189.3,1164.6
614.61,1213,1209.7,1197.9,1200.3,1185.9,1148.6
615.47,1208.8,1218.2,1203,1201,1196.2,1160.3
616.33,1211.5,1228.2,1218.1,1190.5,1196.7,1160.4
617.19,1209,1238.4,1239.1,1170.4,1172.6,1155.2
618.05,1225.5,1248.2,1240.1,1189,1168.5,1204.7
618.91,1223.5,1228.1,1195.3,1172.6,1172.2,1200.3
619.77,1231.2,1211.2,1184.1,1190.6,1205.3,1195.1
620.63,1242.4,1216.8,1206.4,1154.3,1210,1158.8
621.49,1202.5,1215.9,1242.7,1181.2,1189.6,1187.6
622.35,1219.2,1237.3,1220.5,1172.1,1182.8,1183.8
623.21,1231.2,1207.7,1222.8,1176.6,1213.6,1190.7
624.07,1239.2,1221.2,1215.1,1168.9,1209.8,1191.4
624.93,1244.7,1215.5,1214.1,1181.7,1184.8,1183
625.79,1226.1,1204.4,1193.3,1204.9,1186.9,1163.7
626.65,1219.2,1208.1,1188.3,1206.6,1197.1,1159.5
627.51,1212.7,1220.6,1197.1,1195.7,1196.7,1172.1
628.37,1202.3,1225.9,1205.3,1180.7,1189.8,1174.2
629.23,1212.9,1223.4,1214.7,1172.5,1182,1170.8
630.09,1211.3,1226,1202.6,1192.8,1188.4,1182
630.95,1213.5,1221.3,1210.2,1176.7,1200.9,1175.2
631.81,1229.3,1240,1198.1,1172,1195,1173.3
632.67,1242.5,1223.6,1187.6,1201.8,1193.1,1184.7
633.53,1216.5,1240.4,1214.7,1185.9,1168.9,1179.2
634.39,1216.5,1213,1213.7,1199,1176.2,1160.9
635.25,1210,1198.3,1201,1178.7,1178,1184.9
636.11,1211.7,1221.3,1222.3,1204.4,1174.3,1171.6
636.97,1223.2,1203.1,1214.8,1207.9,1164.8,1172.3
637.83,1224.5,1192.6,1198.4,1190.9,1194.8,1166.2
638.69,1215.9,1210,1196.5,1188.2,1196,1180.3
639.55,1226.7,1218.5,1201.6,1192.5,1186.2,1179.5
640.41,1239.7,1216.6,1207,1189.9,1188,1177.1
641.27,1229.8,1230,1205,1185.4,1186.7,1187.1
642.13,1219.1,1233.8,1203.9,1194.1,1197,1173.9
642.99,1222.9,1206.6,1216.1,1209.6,1201.8,1176.3
643.85,1235,1219.1,1182.2,1184.4,1160.2,1192.6
644.71,1210.9,1222,1201.6,1200.8,1172,1186.7
645.57,1203.3,1204.1,1218.2,1178.7,1187,1157.8
646.43,1192.1,1204.1,1208.9,1206.8,1180.4,1173.7
647.29,1214.5,1218.6,1210.5,1194.9,1212,1177.8
648.15,1208.4,1212.5,1199.7,1210.4,1196.7,1172.3
649.01,1220.8,1218.9,1200.8,1194.2,1187,1180.5
649.87,1219.8,1216.8,1213.1,1216.4,1178.9,1177.5
650.73,1214.6,1235.2,1202.1,1199.8,1176.3,1166.8
651.59,1211.1,1235,1193.1,1177.6,1171.6,1165.8
652.45,1214.5,1231.8,1198.9,1174.2,1198.9,1168.3
653.31,1220.7,1228,1206,1181.5,1225,1177.4
654.17,1229.2,1226,1206.9,1189.8,1207.5,1184.4
655.03,1234.3,1222.5,1194.9,1188.7,1179.8,1178
655.89,1227.6,1194.4,1176.4,1184.8,1182.7,1176
656.75,1234.9,1211,1191.3,1193.7,1208.8,1172.5
657.61,1236.4,1228.7,1213.1,1206.1,1176.8,1173.1
658.47,1244.8,1219.1,1234.9,1207,1192.2,1170.9
659.33,1229.8,1218.4,1236.5,1184.7,1190.3,1165.5
660.19,1208.2,1235.2,1215,1187.5,1188.5,1173
661.05,1230.9,1223,1210.2,1201.9,1176,1169.9
661.91,1205.3,1210.6,1182.7,1197.2,1177.7,1171.1
662.77,1227.8,1209,1204.8,1194.2,1201.1,1169.9
663.63,1223.9,1209.2,1219.3,1191.7,1199.4,1183.3
664.49,1242.1,1214.3,1209.8,1215.4,1170.8,1162.9
665.35,1231,1218.4,1199.4,1206.4,1183.2,1172
666.21,1225.8,1213.7,1211.5,1180.7,1199.9,1184.9
667.07,1232.4,1203.4,1216,1192.4,1184,1186.2
667.93,1230.7,1202.7,1200,1209.9,1176.2,1178.7
668.79,1238.5,1201.9,1198.3,1195.3,1192.7,1154.2
669.65,1223.5,1192.2,1204.4,1188.6,1200.7,1159.5
670.51,1194.3,1220.9,1199.8,1194.6,1198.1,1170.5
671.37,1191.9,1226.8,1215.5,1203.3,1197.2,1168.1
672.23,1220.2,1244.7,1191.2,1164.7,1199.4,1153.5
673.09,1208.4,1202.5,1218.7,1186.8,1174.8,1164.4
673.95,1218.7,1209,1213.1,1182.1,1189.8,1153.1
674.81,1226.4,1209.4,1216.4,1168.5,1199.5,1179.5
675.67,1216.4,1214.4,1188.5,1172.7,1195.5,1145.9
676.53,1200.3,1202.2,1189.8,1182.4,1189.1,1172.7
677.39,1206.2,1217.7,1191.2,1188.5,1163.2,1181.2
678.25,1208.3,1241.8,1220.3,1191.9,1167.3,1162.3
679.11,1213.8,1230.2,1215.1,1187.6,1181.1,1169.9
679.97,1217.2,1211.1,1213.7,1186.1,1187.7,1183.8
680.83,1199.2,1207.8,1208.3,1181.8,1187.2,1189
681.69,1205.2,1213.2,1187,1178.3,1194.1,1196
682.55,1244.6,1218.8,1192.2,1183,1195.5,1192.2
683.41,1243.1,1213.5,1213.1,1184.2,1183.4,1182.4
684.27,1221.1,1203.5,1215.6,1192.9,1201.2,1192
685.13,1218.2,1221.1,1194.8,1210.9,1182.2,1176.2
685.99,1210,1241.5,1212.5,1205.6,1181.3,1160.4
686.85,1221.1,1232.2,1245.7,1202,1219.8,1165.5
687.71,1217.3,1198.5,1241.9,1187,1175.7,1175.9
688.57,1192.8,1210.8,1223.1,1188.9,1182.3,1190
689.43,1228.7,1228.4,1223.8,1169.5,1172,1160.7
690.29,1221.8,1209,1225.6,1159.6,1193.9,1178.4
691.15,1199.4,1219.2,1197.5,1166.5,1183.3,1166.7
692.01,1194.2,1222.8,1198.3,1192.6,1185.1,1166.9
692.87,1192.5,1230.4,1193.5,1193.5,1192.3,1170.9
693.73,1198.1,1217.8,1190.2,1188.5,1186.3,1176.7
694.59,1217.1,1210.3,1202.9,1175.6,1178,1168
695.45,1209.6,1220.8,1211.6,1171.9,1185.4,1163.3
696.31,1205.2,1227.3,1206.6,1185.1,1187.6,1169
697.17,1220.1,1222.2,1203.9,1203.5,1177.9,1173.8
698.03,1206,1220.7,1206.1,1207.9,1189.5,1173.2
698.89,1207.2,1225.5,1205.6,1179.9,1212,1152.7
699.75,1220.8,1217,1208.2,1183.4,1209.3,1153.2
700.61,1218.3,1225,1204.7,1185.5,1181.6,1168.7
701.47,1200.3,1195.2,1223.8,1170.1,1168.3,1163
702.33,1217.4,1231.6,1200.8,1169.1,1164.6,1182.3
703.19,1210.8,1230.7,1194.2,1168.2,1186.3,1161.6
704.05,1207.9,1215.9,1205.2,1179.3,1225.5,1180.5
704.91,1220.7,1218.1,1207.8,1193.2,1189,1161.3
705.77,1205.6,1229.2,1183,1200.9,1180.4,1174.3
706.63,1210.8,1237,1200.6,1188.6,1160.9,1168.3
707.49,1232.6,1209.9,1210.2,1171.6,1171,1176.4
708.35,1213.6,1184.8,1209.8,1182.4,1191.4,1182.5
709.21,1207,1194.8,1204.4,1197.8,1181.1,1177.8
710.07,1204.7,1206.2,1190.4,1202.8,1170.5,1176.9
710.93,1203,1210,1193.2,1192.7,1172.8,1174.4
711.79,1218.6,1222,1210.4,1183.8,1188.5,1169.2
712.65,1226.9,1232.8,1217.7,1185.8,1198.2,1172.2
713.51,1217.2,1229.6,1220.5,1182,1183.8,1169.5
714.37,1207.9,1223.8,1221.5,1185.4,1189.2,1160.5
715.23,1197.3,1234.5,1226.4,1200.4,1199.3,1183.7
716.09,1211.6,1220.4,1236.6,1193.3,1214.8,1193.7
716.95,1177.7,1208.1,1205.8,1193.1,1172.7,1178.3
717.81,1170,1212.7,1195.9,1192.9,1179.6,1162
718.67,1209.8,1247.8,1226.2,1220.3,1192,1174.3
719.53,1233.5,1218.4,1196.9,1183.4,1190.1,1146.9
720.39,1251,1231.1,1218.5,1192.1,1190.9,1185.6
721.25,1235.2,1216.8,1204.4,1181.6,1165.8,1180.3
722.11,1215.3,1216.2,1215.4,1166.8,1183.1,1157.9
722.97,1219.8,1213.9,1205.2,1188.5,1191.2,1173.8
723.83,1229.8,1212.1,1216,1190.6,1189.3,1170.5
724.69,1219.7,1220.1,1213.1,1184.9,1170.3,1166.7
725.55,1220.7,1215,1216,1180.5,1190.2,1165.7
726.41,1223.3,1206.3,1204.3,1182.2,1203,1162.8
727.27,1214.7,1195.3,1206,1194,1201.3,1164.8
728.13,1225.2,1195.1,1220.2,1201.8,1212.3,1176.6
728.99,1235.4,1217.9,1215.9,1197.2,1212.1,1181.9
729.85,1225.1,1231.6,1213.5,1197.7,1205.3,1169.3
730.71,1235,1231.6,1196.6,1207.8,1203.6,1156.5
731.57,1208.4,1231.3,1192.7,1208.4,1182.7,1149
732.43,1197.8,1208.7,1205,1194.8,1186.7,1175.8
733.29,1196.2,1223.9,1207.5,1182.5,1178,1164.7
734.15,1226.4,1201.6,1201.3,1189.9,1165.4,1179.9
735.01,1229.8,1197.2,1200,1194.8,1194.8,1170.5
735.87,1213.6,1212.5,1184.8,1209.1,1179.6,1165.7
736.73,1235.2,1220.3,1201.9,1205,1158.9,1190.5
737.59,1214.5,1212.2,1195.5,1208.9,1169.3,1163
738.45,1203.8,1206,1201,1212.9,1191.7,1164.4
739.31,1234.6,1215.8,1184.6,1195.8,1203.9,1180.3
740.17,1222.5,1220.4,1196,1200.7,1186.7,1192.6
741.03,1223.6,1209.5,1189.6,1187.8,1192,1169.4
741.89,1217,1205.9,1182.8,1179,1183.2,1177.3
742.75,1217.1,1213.3,1203.1,1186.1,1173.6,1186.8
743.61,1212.2,1213.3,1207.9,1200.6,1171.6,1175.2
744.47,1216.6,1208.5,1208.5,1212,1185.5,1175.3
745.33,1228.2,1212.8,1223.3,1199.3,1199.2,1186.9
746.19,1220.4,1227.4,1217,1180.7,1193.3,1181.3
747.05,1206.6,1227.7,1204.5,1188.3,1181.2,1163.1
747.91,1191.6,1205.6,1215.9,1193.4,1168.7,1160.7
748.77,1194.7,1218,1215.4,1194.6,1180.1,1181.1
749.63,1206.5,1221.5,1213.3,1195,1176.7,1184
750.49,1221.6,1225.7,1193.5,1172.7,1188.3,1156
751.35,1207.6,1239.7,1208.4,1185.7,1174.9,1186.7
752.21,1229.4,1226.2,1235.4,1194.4,1218,1185
753.07,1230.4,1209.1,1233.5,1187.8,1212.2,1168.8
753.93,1228.5,1227.2,1231.6,1204.9,1186.5,1144.1
754.79,1218.4,1201.8,1190.7,1188.5,1189,1161
755.65,1218.3,1214.6,1185.7,1187.6,1190.2,1162
756.51,1220,1217.1,1233.6,1223.6,1177.3,1161.1
757.37,1203.5,1210.2,1200,1198,1180.5,1161.7
758.23,1210.7,1204.5,1190.1,1199.3,1166.5,1176.4
759.09,1224.9,1186.9,1213.9,1194.3,1167.1,1198.2
759.95,1225.7,1209.5,1205.6,1187.9,1178.6,1164.9
760.81,1217,1217.8,1188.7,1168.7,1171.7,1148.6
761.67,1222.8,1212.3,1200.8,1180.7,1178,1154
762.53,1225.6,1210.2,1209.6,1194.9,1198.8,1174.8
763.39,1216.4,1200.5,1198.3,1180.7,1202,1189.3
764.25,1213.3,1209.2,1197.8,1187.2,1193.8,1180.6
765.11,1217.1,1227.8,1210,1205.5,1193.9,1182.9
765.97,1224.4,1220.6,1212.9,1204.5,1203.2,1178.3
766.83,1229.5,1226.2,1214.1,1215.4,1205.9,1166
767.69,1221.8,1218,1213.1,1197.8,1186.3,1184.5
768.55,1206.1,1222.9,1206.1,1172.8,1191.8,1162
769.41,1207.9,1207.5,1210.7,1186.9,1198.2,1150
770.27,1201.9,1232.6,1200.9,1189.9,1172.4,1160.9
771.13,1187.5,1217.9,1220.5,1161.4,1181.9,1150.4
771.99,1223.6,1248.1,1178.8,1170.1,1190.5,1174.2
772.85,1220.8,1227.1,1203.7,1193,1193.4,1175.1
773.71,1229.9,1218,1196.4,1168.2,1169.6,1187.2
774.57,1229.8,1194.5,1204.4,1174.7,1184.2,1177.7
775.43,1214.7,1217.2,1216.5,1185.2,1184.9,1168.7
776.29,1209.3,1193.9,1204.5,1182.2,1191.7,1182.2
777.15,1206.5,1221.5,1219.4,1198.2,1184.6,1162.3
778.01,1224.8,1224.9,1196.1,1168,1168.9,1162
778.87,1216.8,1210.7,1200.3,1186.2,1178.2,1167.9
779.73,1197,1201.6,1206.8,1194.3,1179.4,1173
780.59,1207.7,1197.6,1198.8,1180.9,1177.3,1183.4
781.45,1209.5,1216.8,1198,1174.5,1186.6,1184.5
782.31,1206.2,1217.6,1202.2,1177,1197.1,1177.9
783.17,1205.1,1212.6,1193.7,1185.5,1189.7,1164.9
784.03,1198.7,1222,1181.9,1183.4,1170,1160.6
784.89,1213.2,1214,1193.3,1171.8,1157.7,1166.4
785.75,1229.2,1214.1,1222.7,1167.2,1158.6,1163.6
786.61,1217.5,1211.1,1233.3,1164.6,1175.8,1171.8
787.47,1204.5,1202.2,1211.6,1182.2,1187.9,1162.6
788.33,1225.6,1207.4,1185.7,1166.8,1181.7,1182.6
789.19,1215.1,1212.3,1183.6,1173,1165.3,1171
790.05,1206.9,1228.4,1193.5,1156.8,1162.3,1153.3
790.91,1212.5,1176.3,1200.7,1190.1,1186.8,1186.5
791.76,1198,1218.9,1220.5,1199.8,1177.4,1175.4
792.62,1219.8,1249.2,1213.8,1192.1,1192.5,1151.5
793.48,1199.7,1188.7,1206.1,1171.9,1158,1156.3
794.34,1202.7,1185.6,1197.5,1174.9,1184.5,1161.2
795.2,1181.7,1205.9,1186.2,1209.8,1168.1,1149.1
796.06,1217.9,1211,1195,1197.3,1208,1179.7
796.92,1206.4,1205,1179.9,1196.6,1186.7,1184
797.78,1214.3,1182.8,1194.3,1177.2,1182.1,1152.1
798.64,1215.8,1189,1183.8,1198.2,1168.2,1166.7
799.5,1207.4,1204.6,1185.5,1201.3,1169,1172.2
800.36,1229.5,1217.4,1177.1,1179.3,1179.6,1162.1
801.22,1216.1,1216,1184.4,1179.7,1175.8,1170.5
802.08,1199.7,1206.8,1196.9,1184.5,1184,1167.1
802.94,1216.8,1203.7,1197.2,1173.1,1190.6,1175.3
803.8,1221.1,1209.6,1177.9,1170.8,1188.3,1186.2
804.66,1202.3,1216.9,1180.8,1182.4,1187.4,1179.9
805.52,1197.7,1203.9,1201.8,1190,1179.9,1172.9
806.38,1205.5,1196.5,1210.9,1195.8,1177.7,1157.3
807.24,1208.3,1214.4,1222.2,1195.4,1176.7,1150.9
808.1,1217.8,1212.2,1203.2,1187.2,1166.9,1174.1
808.96,1224.1,1224.9,1194,1194.7,1187.4,1174.7
809.82,1210.8,1221.3,1195.3,1193.8,1190.3,1155.8
810.68,1217.4,1212.7,1190.6,1181.6,1192,1170.8
811.54,1207.1,1232.8,1194.3,1186.1,1183.2,1170.3
812.4,1190.1,1231.9,1199.4,1161.2,1192.5,1182.8
813.26,1185.3,1219.9,1186.7,1144.1,1177.3,1149.4
814.12,1214.8,1221.3,1165.5,1189.3,1191.2,1155
814.98,1205.8,1213.8,1190.3,1170.2,1196.3,1157.4
815.84,1185.6,1174.3,1203.8,1158.6,1167.4,1183.5
816.7,1226.1,1213.6,1196.4,1215.4,1196.4,1145.9
817.56,1211,1207.5,1184.1,1186.5,1185.2,1150.3
818.42,1214.6,1196.2,1194.4,1165.9,1173.4,1178.1
819.28,1225.5,1192.2,1207,1173.6,1171.1,1164.2
820.14,1233,1211.2,1228.5,1168.2,1185.5,1161.7
821,1236.7,1217.3,1201.3,1192.8,1179.7,1168.1
821.86,1237.4,1210.4,1200.9,1165.7,1184.4,1161.8
822.72,1221.2,1200,1210.4,1174.6,1183.5,1154
823.58,1206.3,1206.8,1209.7,1194.2,1193.4,1150.7
824.44,1216.4,1208,1199.8,1178.5,1180.5,1166.6
825.3,1205.8,1205.8,1187.8,1165.9,1185.1,1192.3
826.16,1201.4,1202.4,1188.2,1178.6,1188.8,1190.5
827.02,1215.5,1197.7,1194.2,1182.1,1196.3,1168.7
827.88,1212.9,1194.8,1206.6,1178.6,1182.5,1177.1
828.74,1206.8,1192.4,1205.9,1175.4,1167,1168.4
829.6,1210.1,1211.7,1211.8,1177.4,1183.6,1164.5
830.46,1216.7,1214.8,1216.8,1183.6,1185.2,1183.6
831.32,1230.5,1192.1,1185.2,1173.5,1185.4,1164.3
832.18,1232.2,1218.5,1177.4,1169.6,1202.8,1166.4
833.04,1220.7,1218.9,1177,1174.1,1193.9,1163.5
833.9,1208.2,1205.6,1189.5,1175.5,1165.3,1185.2
834.76,1206.2,1208.6,1189.8,1187.9,1141.7,1181.8
835.62,1214.3,1197.4,1183.1,1182.8,1157.2,1181.4
836.47,1226.9,1209.3,1194.1,1173.8,1184.3,1163.7
837.33,1235.9,1220.9,1182,1182.8,1183.6,1183.1
838.19,1223,1220,1220.6,1176.1,1173.5,1167
839.05,1203.1,1211.5,1200.2,1167.6,1168.4,1142.1
839.91,1219.1,1195.5,1199.7,1211.9,1171.5,1152.6
840.77,1208.6,1207.6,1189.3,1196,1178.7,1159.7
841.63,1206.7,1187.2,1194.1,1158.2,1204.8,1185.9
842.49,1219.1,1208.9,1195.2,1190.2,1176.5,1151.9
843.35,1188.2,1209,1204.5,1201,1178,1143.8
844.21,1234,1224.2,1198.1,1176.7,1202.4,1159.4
845.07,1226.8,1194,1199.8,1171.2,1175,1166.5
845.93,1233.9,1214.8,1180.2,1174.1,1176.1,1141.5
846.79,1230.9,1223.2,1181.1,1171.5,1180.5,1158.9
847.65,1231.3,1209.3,1192.3,1191.7,1177.4,1182.2
848.51,1213.2,1221.4,1187.8,1185.1,1188.2,1174.8
849.37,1216.1,1203.4,1212.4,1180.8,1195.8,1186.1
850.23,1230.1,1198.1,1201.3,1184.9,1186.3,1173.9
851.09,1226.3,1205.3,1192.6,1183.5,1180.6,1165.4
851.95,1215.6,1192.4,1200.2,1178.7,1201,1160.4
852.81,1220.8,1194.4,1197.1,1186.4,1194.8,1170
853.67,1223.4,1207.8,1196.3,1191.7,1175.5,1180.7
854.53,1221.9,1214.8,1196.6,1169.8,1175.2,1174.4
855.39,1221.8,1211.5,1204.5,1150.8,1189.6,1176.7
856.25,1211.2,1200.3,1208,1169.2,1208,1170.5
857.11,1209.1,1200.9,1195.9,1191.2,1201.9,1145.9
857.97,1211.7,1213.4,1192.3,1187.8,1183.3,1154.8
858.83,1203.9,1219.5,1193.5,1192.9,1179,1187.7
859.69,1212.1,1213.4,1189,1207.9,1172.4,1189.3
860.55,1220.6,1208.7,1187.7,1197.1,1179.9,1169.1
861.41,1222.8,1213.8,1188.9,1187.5,1190.6,1159
862.27,1222.3,1210.9,1198.4,1189.8,1187.6,1148.9
863.13,1205.2,1236.4,1206.8,1191.4,1190.7,1141.8
863.99,1203.9,1215.7,1205.9,1199.2,1167.9,1168.6
864.85,1218.3,1199.9,1211.1,1180.6,1183.9,1170.8
865.71,1250.8,1197.9,1192,1174.9,1191.8,1165.8
866.57,1201.6,1209.2,1213.2,1203.8,1201.3,1157.4
867.43,1184.7,1208.6,1213.8,1191.3,1189.9,1158.9
868.29,1196.1,1234.8,1190.2,1189.5,1154.3,1179.9
869.14,1198.9,1205.8,1198.5,1209.7,1172,1174.1
870,1231.2,1213.2,1220.3,1192.8,1189.8,1189.1
870.86,1216.3,1230.2,1183.1,1170.8,1178.9,1160
871.72,1223.1,1229.2,1207.4,1201,1194.5,1167.7
872.58,1219.2,1218.5,1186,1180.5,1168.2,1153.1
873.44,1234.3,1184,1207.3,1173.4,1165.6,1171.8
874.3,1221.3,1227.6,1215.9,1180.5,1171.1,1153.4
875.16,1222.9,1199.7,1173.2,1182.9,1185.9,1175.2
876.02,1216.2,1197.1,1191.3,1168.2,1192.8,1172.6
876.88,1209.2,1203.2,1226,1170.3,1171.4,1173.5
877.74,1207.4,1209.2,1205,1190.1,1175.8,1163.9
878.6,1194.4,1206.3,1181,1189.3,1196.8,1176.3
879.46,1201.3,1209.2,1196,1176.4,1193,1177.5
880.32,1209.5,1213.3,1184.9,1161.8,1183.8,1169.3
881.18,1201,1209.2,1211,1175.7,1166.2,1171.3
882.04,1194.4,1218.7,1211.2,1178.6,1157,1162.3
882.9,1211.1,1219.2,1199,1189.5,1166.6,1168.9
883.76,1214,1224.6,1211.4,1185.2,1193.5,1172.6
884.62,1237.5,1206.6,1214.4,1182.1,1173.3,1170.7
885.48,1236.9,1196.2,1207.2,1180.7,1171.6,1178
886.34,1223.8,1204.5,1195.1,1179.2,1197.7,1182.4
887.2,1207.1,1211.7,1188.6,1184.3,1190.4,1182.6
888.06,1200.2,1227.1,1200.6,1192,1178.3,1169.3
888.92,1202.8,1236.3,1206.4,1188.9,1182.3,1163.3
889.78,1206.4,1235.9,1201.6,1185.2,1177.6,1177.1
890.64,1223.9,1227.3,1210.7,1179.5,1175,1177.9
891.5,1233.8,1203.5,1207.8,1175.4,1185.7,1174.6
892.36,1212.6,1192.4,1185.9,1191.2,1183.5,1184.2
893.22,1208.3,1213.3,1198.3,1199.8,1179.6,1181
894.08,1228.1,1235.8,1214.9,1191.9,1187.9,1166.4
894.94,1223.3,1226,1202,1184.9,1184.5,1152.4
895.8,1222.5,1210.6,1213.7,1192.7,1184.7,1155
896.65,1219.8,1216.5,1216.7,1219.6,1171.1,1179.5
897.51,1205.8,1221.1,1200.3,1207.6,1158.1,1167.8
898.37,1196.7,1218.4,1201.4,1203.3,1181.6,1156.6
899.23,1208.2,1209.8,1205.4,1182.5,1182.1,1182
900.09,1224.5,1214.5,1203.9,1180.7,1179.3,1176
900.95,1200.8,1223.5,1199.4,1204.2,1182.2,1166.9
901.81,1195.8,1239.9,1191.7,1201.4,1175.1,1142.2
902.67,1206.4,1227.9,1193,1197.5,1171.3,1151.3
903.53,1189.1,1230.6,1200.8,1170.1,1174.2,1149.3
904.39,1211.4,1214.5,1209.5,1192.9,1146.8,1173.2
905.25,1213.7,1199,1196.8,1168.5,1191.6,1146.1
906.11,1203.1,1172.1,1163.5,1172,1161.9,1153.5
906.97,1212.5,1190.6,1197.1,1190,1143.7,1170.9
907.83,1195.5,1184.1,1172.6,1175.6,1178.2,1174.7
908.69,1228.5,1214.1,1172.7,1168.4,1159.8,1155.4
909.55,1226.5,1221.4,1202.6,1213.9,1173.5,1157
910.41,1221.7,1195.9,1198.3,1201.1,1166.1,1171.5
911.27,1223.5,1208.7,1179.9,1185.3,1175.9,1178.5
912.13,1188.1,1233.3,1203.5,1147,1175.9,1199.1
912.99,1246.9,1205.5,1168.9,1156.2,1178.8,1182.9
913.85,1215.4,1209.4,1205.9,1219.4,1180.8,1188.1
914.71,1211.9,1199.3,1201.2,1200,1168.8,1154.7
915.57,1229.2,1223.4,1184.3,1193.9,1179.9,1157
916.43,1182.1,1195,1178.3,1189.9,1164.7,1173.7
917.29,1204.2,1197.8,1208.8,1187.8,1181.5,1161.3
918.15,1195.7,1245.5,1199,1204.9,1186.6,1171.6
919.01,1219.3,1204.2,1201.9,1189.7,1207.4,1169.2
919.87,1225.5,1214.1,1178.6,1182.4,1167.5,1193.6
920.72,1203.7,1217.7,1187.8,1188.9,1182.7,1180.5
921.58,1201.3,1209.7,1185.2,1172.1,1190.4,1162.1
922.44,1191.6,1205.3,1216.9,1168.4,1197.3,1147.5
923.3,1202.8,1220.9,1212,1186.3,1206.7,1180.8
924.16,1198.6,1203.1,1207.1,1184.8,1187.1,1169.7
925.02,1206.3,1223.8,1200.2,1187.1,1176.3,1174.4
925.88,1237.5,1237.4,1213.1,1203.8,1180.8,1148.9
926.74,1236.6,1229.5,1187.7,1191.2,1184.5,1161.8
927.6,1224.3,1211.8,1182.5,1178.1,1172.5,1171
928.46,1210.7,1194.2,1200.2,1190.6,1182.7,1170
929.32,1214,1204.1,1199.6,1205.7,1190.1,1175.7
930.18,1211.5,1222.9,1200.5,1185.6,1170.5,1177.4
931.04,1202.2,1223.7,1178.7,1166.3,1169.6,1176.7
931.9,1228.3,1223.9,1203.6,1175.8,1173.2,1170.5
932.76,1224,1203.8,1210.5,1180,1181.9,1173.4
933.62,1220.2,1193.4,1199.4,1179.5,1189.9,1164
934.48,1218.9,1207.5,1197.8,1186,1202.8,1169.3
935.34,1194.3,1217.5,1199.2,1195.4,1200.3,1172.4
936.2,1203.4,1204.4,1201.5,1187.5,1190.5,1170.1
937.06,1221,1210.8,1191.7,1183.2,1183.2,1161.9
937.92,1214.3,1223.7,1190.4,1180.9,1166,1155.5
938.78,1215.3,1226.5,1199.1,1177.4,1156.2,1167.1
939.64,1218.6,1212.2,1197.5,1174.7,1177.8,1168.8
940.5,1223,1192.4,1193,1178.2,1185.9,1157.9
941.36,1234,1196.7,1182.4,1185.8,1171.7,1150.5
942.21,1224.6,1198.2,1182.3,1193.7,1172.5,1150.6
943.07,1219.2,1193.8,1207.2,1199.7,1178.8,1159
943.93,1224.5,1197.6,1212.4,1193.9,1173,1167.5
944.79,1214.5,1211.3,1196,1188.9,1166.7,1171.5
945.65,1206.7,1228.7,1192.5,1181.7,1178.2,1172.2
946.51,1197.6,1224.5,1193.1,1177.6,1172.8,1173.9
947.37,1195.6,1206.2,1196.3,1183.8,1158.5,1174.4
948.23,1197,1213.3,1198,1186.9,1170.1,1174.6
949.09,1210,1222.4,1181.7,1177,1190.6,1168.7
949.95,1222.7,1204,1167.9,1176.2,1186.9,1164
950.81,1217.7,1211.3,1178.6,1181.8,1187.8,1171.7
951.67,1230.3,1206.1,1195.6,1206.5,1196.3,1170.6
952.53,1227.2,1195,1210,1187.2,1183.3,1167.7
953.39,1210.8,1201.2,1194.4,1184.6,1187.2,1167.5
954.25,1205.2,1205.8,1198.2,1176.1,1184.9,1158.2
955.11,1210.4,1185.9,1198,1168.2,1163.9,1156.2
955.97,1184.8,1187.9,1199.2,1193.5,1170.3,1159.9
956.83,1185.5,1202,1196.2,1183.3,1179.4,1166.3
957.69,1188.7,1197,1200.5,1181.5,1185.5,1177.6
958.55,1208.1,1195.4,1190.5,1174.7,1189.4,1149.5
959.41,1185.8,1201.3,1203.7,1175.6,1189,1158.4
960.27,1181.5,1225.8,1204.4,1181.8,1181.7,1174.2
961.13,1197,1206.7,1188.5,1186,1179.6,1180.8
961.99,1214.6,1186.6,1179.6,1185.9,1159.7,1180.8
962.84,1208.9,1189,1202.5,1185,1178.8,1147.9
963.7,1219.8,1197.5,1210.3,1161.9,1166.5,1155.4
964.56,1214.5,1188.8,1180.8,1196.2,1176.1,1142.5
965.42,1203.7,1214.9,1192.4,1180.2,1165.3,1159.9
966.28,1205.3,1205.9,1165,1176.6,1153.7,1164.3
967.14,1210.6,1203.6,1188.8,1181.8,1194.5,1155.7
968,1221,1197.3,1180.8,1144.7,1158.1,1150.2
968.86,1225.2,1197.1,1204.7,1160.2,1161.7,1140
969.72,1218,1195.9,1178.2,1183,1150.2,1161.9
970.58,1229.2,1215.2,1171.8,1194.6,1175.4,1175.8
971.44,1201.7,1215.6,1167.4,1159.8,1164.8,1140.1
972.3,1204.6,1192.2,1184.1,1178.1,1191.7,1176.2
973.16,1219,1196.6,1187.9,1172.3,1181.7,1148.1
974.02,1234.7,1189.7,1211.1,1173.4,1180.4,1152.9
974.88,1209.8,1202.2,1187.3,1174.4,1170.6,1160.4
975.74,1207.3,1186.6,1198,1170.8,1187.6,1180.3
976.6,1224.6,1215.1,1183.5,1179.4,1165.8,1140.5
977.46,1216.2,1205.7,1190.7,1160.8,1153,1157.3
978.32,1211.2,1197.3,1179.3,1172,1148.9,1171.5
979.18,1200,1214.5,1185.7,1165.1,1156.1,1172.6
980.04,1205.1,1163.3,1174.7,1190.9,1191.9,1181.6
980.89,1222.1,1206.3,1194,1200.4,1175.4,1170.4
981.75,1190.3,1196.9,1182.4,1157,1157.2,1142.3
982.61,1206,1195.1,1183.4,1167.1,1172.7,1142.8
983.47,1209.7,1210.5,1183.9,1194.7,1173.5,1163.7
984.33,1218,1178.4,1178.5,1179.3,1173.5,1142.9
985.19,1197.9,1160.6,1170.6,1188.4,1182.7,1137
986.05,1189,1199.9,1196.9,1168.7,1174.3,1154
986.91,1201.4,1206.9,1191.5,1196.9,1204.8,1147.3
987.77,1172.7,1202.1,1193.6,1178.2,1169.3,1158.2
988.63,1210.7,1211.9,1198.3,1178.4,1179.5,1178.7
989.49,1196.4,1204,1224.2,1194.3,1190.3,1165.1
990.35,1218.7,1185.4,1191.9,1191.9,1170.8,1156
991.21,1202,1202,1200.6,1169.8,1173.8,1131.6
992.07,1219.4,1212.4,1203.2,1176.1,1174.6,1162.6
992.93,1210.5,1194.8,1198.2,1172.3,1156.8,1146.2
993.79,1185.7,1185,1195.2,1169.4,1159.4,1173.5
994.65,1201,1196.1,1208.3,1152.9,1173,1171.6
995.51,1202.1,1172.7,1185,1180.5,1177.9,1188.7
996.37,1203.7,1198.6,1157.9,1164.3,1181.6,1186.5
997.23,1178.7,1183.5,1207.3,1184,1179.5,1141.8
998.08,1194.4,1225.3,1183.3,1194.2,1196.9,1165.1
998.94,1203.9,1178.7,1180.8,1168.7,1219.8,1171.4
999.8,1225,1185,1188.7,1196,1155.5,1141
1000.7,1225.1,1198.8,1193.6,1164.8,1174,1145.9
1001.5,1227.6,1206.1,1218.1,1172.1,1201.3,1172.1
1002.4,1218.4,1199.1,1185.9,1163.3,1164.8,1154.5
1003.2,1227.3,1214.1,1194.8,1182.8,1164.6,1171.5
1004.1,1209.6,1205.6,1200.6,1190.7,1159.6,1162.2
1005,1198.1,1206.8,1201.8,1195.2,1154.4,1168.8
1005.8,1199.5,1191.2,1184.8,1187.8,1168.5,1144.8
1006.7,1209.5,1206.3,1211.5,1171.6,1185,1164.1
1007.5,1194.6,1179.1,1166.1,1175,1188,1147.5
1008.4,1183.2,1192,1201.5,1186.2,1169.1,1182.2
1009.3,1206.5,1201.7,1199.7,1178.3,1154.3,1165.7
1010.1,1192.4,1185.9,1182.3,1172.2,1204.3,1159.8
1011,1198.4,1213.7,1198.6,1166.3,1150.2,1157.8
1011.8,1205.8,1196.5,1199,1180.3,1158,1175.5
1012.7,1236.9,1197.2,1188.2,1175,1177.8,1164.8
1013.6,1213,1228.5,1181.7,1163.6,1158.4,1160
1014.4,1227.2,1227.1,1199.5,1164.7,1166.1,1160.6
1015.3,1208.9,1218.4,1180,1184.2,1138.5,1170.2
1016.1,1203.2,1215.4,1168.8,1177.7,1192.6,1156.1
1017,1217.5,1211.8,1170.1,1175,1174.8,1158.5
1017.9,1218.2,1185.6,1174.9,1182.6,1162,1163.2
1018.7,1210.7,1209.7,1193.2,1162.4,1167,1180
1019.6,1222.3,1177.7,1213,1161.1,1166.8,1169.9
1020.4,1183.3,1187.1,1164.2,1180.4,1144.3,1168.2
1021.3,1218.9,1219.2,1165.6,1185.9,1147.9,1145
1022.1,1211.2,1196.3,1189,1166,1195,1158.9
1023,1209.3,1197.5,1202.2,1172.1,1174.9,1157
1023.9,1199.6,1193.1,1172.5,1174.5,1163,1168
1024.7,1197.9,1223,1185.2,1173.6,1166.2,1153.1
1025.6,1220.5,1191.9,1188.9,1180,1155,1167.3
1026.4,1205.1,1204.7,1203.9,1194.8,1175.5,1183
1027.3,1209.6,1208.2,1175,1187,1189.3,1158.1
1028.2,1222.4,1208.9,1204.9,1179.4,1182.7,1162.2
1029,1225,1209.3,1190.8,1187.3,1169.6,1193.9
1029.9,1187.6,1205.5,1187,1184,1186,1155.8
1030.7,1205.2,1199.9,1167.3,1187.2,1191,1165.5
1031.6,1209.2,1213.5,1194.3,1177.2,1186.5,1171.7
1032.5,1201.5,1211.5,1163.4,1176.2,1179,1156.2
1033.3,1205.8,1194.5,1184.2,1177.7,1169.5,1176.8
1034.2,1221.8,1183.7,1191.8,1172.8,1189.9,1143.7
1035,1219.5,1199.5,1183.5,1177.6,1184.6,1146.6
1035.9,1217.2,1225.4,1193.7,1151.1,1179.8,1178.4
1036.8,1230.9,1192.5,1202.5,1161,1181.2,1171.3
1037.6,1208.5,1203.5,1223.5,1180.2,1164.8,1154.1
1038.5,1198.9,1197.5,1196.6,1180.6,1186.8,1174.2
1039.3,1202.8,1203.7,1197,1186.5,1181.2,1174.4
1040.2,1216.8,1209.6,1187.2,1181.2,1159.9,1164.1
1041.1,1205.7,1215.2,1173.7,1149.5,1164.2,1181.3
1041.9,1203.4,1208.8,1170.4,1179.4,1182,1165.4
1042.8,1211.8,1209.2,1159.7,1173.7,1168.6,1153.1
1043.6,1207.5,1186.7,1166.5,1172.4,1180.7,1174.8
1044.5,1210.3,1194.5,1183.3,1191.1,1180.1,1160.5
1045.4,1209.6,1183.6,1172,1182.4,1187,1175.1
1046.2,1207.7,1205.4,1176.7,1175.9,1177.6,1151.8
1047.1,1222.7,1213.3,1179.2,1185.3,1181,1160.4
1047.9,1230.3,1210.7,1201.9,1188.9,1190.3,1173.6
1048.8,1209.3,1209.1,1188.9,1189.8,1195.3,1177.2
1049.7,1198,1193,1203.1,1185,1178.8,1170.4
1050.5,1209.8,1197.4,1200.3,1191.7,1162.6,1159.8
1051.4,1196.2,1209.8,1187.8,1194.3,1152.7,1157.7
1052.2,1213.8,1210.3,1182,1181.5,1173.7,1154.9
1053.1,1219.3,1194.9,1206,1181.9,1190.5,1169.8
1053.9,1202.3,1195.2,1199.2,1180.9,1183.5,1164.1
1054.8,1196.8,1206.6,1193.6,1168.3,1171.8,1167.2
1055.7,1207.7,1216.7,1192,1183.7,1168.8,1175.8
1056.5,1201.8,1209.1,1189.3,1174,1183.5,1169.8
1057.4,1195.9,1213.6,1187,1169.4,1178.2,1160.5
1058.2,1220,1196.3,1183.8,1168.5,1172.5,1162.2
1059.1,1217.4,1201.2,1196.7,1185.9,1177.2,1172.6
1060,1209.8,1197.8,1178.7,1192.5,1181.3,1157.5
1060.8,1207,1194.3,1188.7,1188.7,1164.6,1158.7
1061.7,1215.8,1196.8,1190.2,1188.3,1173.1,1180
1062.5,1217.9,1213,1198.3,1190.8,1181.1,1172.7
1063.4,1226,1195.4,1201.7,1189,1193.1,1168.8
1064.3,1220.4,1192.6,1180.7,1182.7,1195.6,1177.8
1065.1,1208.2,1205.1,1181.5,1179.3,1187.6,1172.7
1066,1207.8,1215.9,1180.6,1192.3,1187.7,1171.9
1066.8,1204.2,1209.9,1193.9,1174,1176.9,1162.5
1067.7,1220.5,1196.8,1190.2,1171.8,1173.8,1159.2
1068.6,1228.1,1200.3,1203.8,1180.5,1170.5,1158.8
1069.4,1231.6,1192.4,1199.1,1183.1,1173.2,1159.1
1070.3,1206.8,1199.7,1194,1169.9,1174.9,1164.4
1071.1,1201.8,1195.2,1189,1171,1177.4,1170.8
1072,1212.5,1188.9,1188.6,1177.1,1173.9,1163.2
1072.9,1204.6,1184.7,1179.9,1196.4,1170.3,1151.2
1073.7,1213.8,1193.8,1198.3,1175.7,1168.2,1154.4
1074.6,1205,1214,1188.1,1176.7,1168.9,1172.7
1075.4,1200.3,1214.3,1185.7,1182.5,1183.8,1163.1
1076.3,1185.8,1187.4,1194.5,1190.7,1179.4,1159.2
1077.2,1188.5,1192,1192.5,1175.8,1172.8,1165.8
1078,1207.6,1210,1183.9,1174.2,1172.7,1165.4
1078.9,1216.2,1211.8,1197.1,1184,1162.7,1153.2
1079.7,1209.6,1199.6,1182.3,1175,1171.8,1163.8
1080.6,1197,1198.5,1178.9,1170.9,1170.2,1169.7
1081.4,1181.9,1210,1171.8,1166.3,1170.4,1176.8
1082.3,1197.9,1199.4,1179.9,1173,1167.8,1158.9
1083.2,1209.8,1200,1188.4,1167.8,1175.9,1162.6
1084,1203,1198.9,1194.7,1171.5,1165.5,1183.3
1084.9,1185.8,1211.3,1184,1164.5,1164.3,1160.1
1085.7,1205.2,1204.8,1186.5,1193.2,1183.1,1160.7
1086.6,1211.2,1199.5,1168.4,1182.2,1180.8,1168.8
1087.5,1210.9,1195.2,1190,1170,1173.2,1171.6
1088.3,1197.9,1210.7,1189,1178.2,1178.4,1150.2
1089.2,1203.4,1180.3,1189.6,1169.2,1171,1142.5
1090,1200.3,1202.7,1178,1187.5,1179.2,1154.6
1090.9,1208.6,1196.1,1186.4,1176.2,1161.4,1163.1
1091.8,1197.3,1199.7,1202.1,1166.1,1168.1,1176.4
1092.6,1224,1218.2,1182.5,1190.1,1158,1171.2
1093.5,1209.8,1204.7,1168.4,1181,1161.4,1159.5
1094.3,1215.2,1171.9,1179.1,1184.7,1145.8,1170.8
1095.2,1208.9,1175.1,1193.3,1175.2,1152.8,1158.7
1096.1,1188.8,1177.7,1189,1163.3,1155,1155.6
1096.9,1210.2,1207.1,1193.2,1156.1,1163,1155.8
1097.8,1220.2,1199.1,1176.5,1167.1,1170.3,1153.4
1098.6,1210.6,1199.5,1202,1177.5,1183.3,1149.6
1099.5,1201.3,1222,1197,1184.8,1163.3,1152.1
1100.4,1196.6,1193.9,1209,1176,1171.3,1153.1
1101.2,1206,1204.2,1190.8,1186,1172.2,1151.3
1102.1,1199.4,1218.5,1176.5,1173.1,1187.1,1172.5
1102.9,1191,1197.1,1189.9,1173.6,1189.6,1166.4
1103.8,1189.7,1208.5,1171.2,1190,1191.5,1162.8
1104.6,1211.9,1215.3,1178.3,1178.8,1175.7,1185.5
1105.5,1204.5,1194.3,1188.9,1170.8,1166,1166.4
1106.4,1197.2,1203.7,1171.3,1171.2,1172,1168.4
1107.2,1212.3,1187.4,1181.4,1179.3,1196.7,1162.9
1108.1,1190.7,1189.7,1181.5,1190.6,1170.2,1169.3
1108.9,1211.3,1204.1,1182.9,1185.5,1175.3,1170.9
1109.8,1220.7,1207.1,1182.8,1198.9,1182.9,1161.5
1110.7,1202.4,1187.3,1178.5,1169.2,1157.8,1155.9
1111.5,1209.7,1190.6,1189.5,1168.2,1178.9,1169.8
1112.4,1211.8,1191.1,1193.2,1201.5,1168.2,1159.7
1113.2,1216.1,1201.4,1172.8,1180.3,1171.2,1168.7
1114.1,1203,1181.5,1160.6,1159.1,1167.3,1160.8
1115,1206,1207,1195.9,1167.1,1164.8,1156.6
1115.8,1203.4,1188.8,1187,1172.2,1172,1162.3
1116.7,1217.6,1201.4,1178.3,1150.1,1196.7,1163.9
1117.5,1207.7,1199.6,1174.6,1160.7,1158.9,1157.9
1118.4,1196.5,1198.3,1185.9,1175.3,1167.4,1165.2
1119.3,1194.8,1186,1167.8,1159.9,1163.1,1159
1120.1,1198.1,1208.3,1150,1166.2,1170.8,1159.4
1121,1204.5,1214.2,1167.5,1176.1,1156.4,1164.1
1121.8,1202.8,1211.3,1188.9,1189,1152.3,1157.8
1122.7,1222.4,1195.6,1186.2,1208.5,1165.9,1152.5
1123.6,1192.5,1225.1,1194.4,1179,1158.6,1144.1
1124.4,1198,1214.6,1211.7,1174,1172.5,1148.1
1125.3,1219.8,1217,1212.9,1171.1,1167.4,1142
1126.1,1201.4,1215.3,1181.3,1223.3,1184.5,1163.6
1127,1193.2,1207.7,1187.4,1196.3,1193.8,1162.8
1127.9,1207.9,1210.3,1220.4,1195.7,1160.3,1175.7
1128.7,1214,1221.7,1227.3,1198,1194.1,1176.2
1129.6,1229.5,1226.4,1217.4,1191.5,1218.1,1185
1130.4,1224,1216.6,1196.3,1186.9,1204.3,1180.2
1131.3,1213,1226.2,1213.3,1202.4,1188.5,1166.5
1132.1,1213.5,1190.5,1198.1,1198.2,1161,1163.6
1133,1227.6,1227.7,1192.2,1190,1197.5,1191.8
1133.9,1217.5,1215.1,1208.1,1179.7,1186.2,1153.5
1134.7,1234.5,1214.3,1205.1,1183.9,1166.1,1164.5
1135.6,1219.5,1200.6,1183.6,1176,1175.8,1165.3
1136.4,1212.7,1193.8,1195.8,1180.3,1176.2,1146.2
1137.3,1205.2,1193.7,1191.2,1174.3,1169.1,1158.7
1138.2,1190.1,1195.1,1189.2,1162,1156.6,1160.7
1139,1210.7,1208.6,1194.6,1184.9,1171.3,1158.7
1139.9,1212.5,1199.5,1203.3,1192.2,1175.5,1164.7
1140.7,1210,1192,1204.6,1158.9,1173,1150.4
1141.6,1202,1224.9,1165.8,1160.5,1170.8,1156.5
1142.5,1223.3,1193.3,1170.5,1147.4,1159.9,1175.4
1143.3,1199.8,1177,1167.2,1160.2,1156.2,1175.2
1144.2,1199.3,1195,1161.5,1173.6,1165.2,1190
1145,1193,1189.6,1155.9,1159.8,1156.5,1144.1
1145.9,1181.3,1179.3,1177.2,1166,1175.9,1150.4
1146.8,1192.1,1182.3,1166.1,1152.7,1176.4,1141.3
1147.6,1200.2,1191.6,1177.5,1169.1,1165.9,1162.1
1148.5,1193.6,1202.9,1167.4,1180.3,1151.8,1167
1149.3,1193.2,1194.7,1168.5,1175.2,1152.8,1162.4
1150.2,1189.9,1198.1,1187.5,1166.8,1148.1,1176.3
1151.1,1193.1,1181.2,1191.1,1163.8,1138.1,1150.8
1151.9,1210.7,1181.2,1185.7,1175.6,1144.8,1157
1152.8,1212.9,1195.1,1188.1,1159.9,1165.8,1165.4
1153.6,1218.5,1181.8,1200,1158.8,1178.9,1142.3
1154.5,1194.7,1179.6,1191.9,1153.4,1181.2,1156
1155.3,1172.8,1185.9,1189.5,1159.3,1159.3,1146.7
1156.2,1185.4,1194.1,1178.1,1155.4,1153.4,1152.4
1157.1,1186.3,1185,1160.8,1155.8,1160.8,1135.2
1157.9,1167,1160.1,1159.5,1152.5,1159.2,1127.6
1158.8,1192,1161.2,1169.5,1150.4,1151.3,1142.9
1159.6,1204.5,1168.1,1157,1167.6,1146.3,1131.3
1160.5,1189.8,1173.4,1160.6,1165.7,1152.1,1126.4
1161.4,1186.5,1174.6,1169.6,1143.5,1158.6,1147.9
1162.2,1189.3,1174.2,1171.8,1149.4,1150.9,1145.1
1163.1,1191,1179.6,1163.3,1149.2,1161.4,1158.1
1163.9,1191.2,1177.3,1164.3,1155.9,1165.9,1149
1164.8,1195.1,1172.1,1179,1167.1,1154.2,1136.5
1165.7,1191.8,1180.7,1177.1,1152.5,1148.7,1154.4
1166.5,1184.6,1182.6,1164.8,1138.6,1164.7,1146.2
1167.4,1194.8,1173.8,1173.2,1146.7,1160.7,1127.7
1168.2,1191.8,1184,1158.6,1146,1154,1129.7
1169.1,1174.9,1181.1,1149,1155,1135.9,1149.8
1170,1182.5,1156.4,1179,1145.3,1111.3,1143.4
1170.8,1174.6,1171.4,1152.8,1158.1,1126.7,1151.1
1171.7,1195,1171.1,1128.1,1148.8,1142,1161.6
1172.5,1180.8,1179,1150.3,1174.4,1147.4,1136.3
1173.4,1197.2,1188.1,1174.9,1154.6,1163.9,1129
1174.2,1177.4,1166,1171.8,1160,1160.5,1128.7
1175.1,1176,1189.7,1188.3,1142.7,1159.2,1132.6
1176,1185.6,1186.8,1158.7,1154.4,1142.8,1131
1176.8,1184.8,1162.7,1172,1174.7,1158.9,1160.2
1177.7,1147.9,1160.5,1151.4,1136.2,1139.9,1136.9
1178.5,1171.6,1181.2,1164.5,1145.8,1159.5,1121.9
1179.4,1194.4,1165.7,1177.6,1139.7,1170.6,1140.5
1180.3,1191.7,1194.3,1151,1121.2,1142.8,1138
1181.1,1178.1,1177,1167.6,1154.8,1133.9,1139.5
1182,1179.3,1186.4,1152.3,1156.8,1161.5,1125.2
1182.8,1185.3,1179.9,1166.5,1149,1134.9,1145.3
1183.7,1199.4,1159,1147.6,1145.9,1147.5,1133.6
1184.6,1193.7,1200.2,1124.1,1158.9,1142.5,1128.5
1185.4,1204.4,1174.3,1139.2,1159.9,1140.6,1121.4
1186.3,1223.8,1184.2,1169.5,1159.8,1144,1135.6
1187.1,1212.1,1185.7,1168.2,1158.5,1163,1135.7
1188,1176,1157.3,1181.3,1155.7,1149.6,1143.1
1188.9,1164.7,1189.3,1162.7,1160.7,1172.1,1125.8
1189.7,1174,1164.6,1177.3,1149.8,1150.7,1152.3
1190.6,1186.5,1194.8,1181.1,1138.2,1127.4,1146.1
1191.4,1198.5,1185.1,1158.6,1165.4,1144,1126.2
1192.3,1170.4,1184,1161.3,1154.1,1137.8,1116.4
1193.2,1178.6,1176,1168.1,1149.3,1140,1132
1194,1195.6,1167.7,1152.4,1148.2,1149,1164.7
1194.9,1193.2,1154.1,1157.3,1155.2,1156.5,1134.8
1195.7,1185.7,1170.4,1155.4,1147.6,1149.4,1131.9
1196.6,1190.7,1190.4,1164.5,1156,1156,1140.6
1197.4,1164.5,1166.1,1153.1,1159,1144.4,1120.9
1198.3,1167.3,1170.3,1142.1,1170.2,1154,1119
1199.2,1191.1,1187.6,1157.6,1157.9,1154.7,1138.1
1200,1181.8,1183.2,1164.5,1146.2,1143.5,1160.7
1200.9,1173.5,1163.3,1160.3,1149.5,1152.2,1149.3
1201.7,1172.2,1160.3,1164.2,1154.8,1159.5,1116.3
1202.6,1180.2,1179.4,1149.7,1145.3,1161.7,1115
1203.5,1179.7,1174.1,1146.9,1143.5,1140,1134.7
1204.3,1182.4,1166.3,1159.7,1149.6,1131,1160.3
1205.2,1187.5,1176.8,1151.7,1156,1154.4,1155.5
1206,1196.2,1186.8,1154.6,1144.4,1139.1,1127.1
1206.9,1191.5,1164.8,1165.5,1139.3,1131.8,1126.8
1207.8,1171,1182.3,1166.4,1150.9,1155.4,1120.7
1208.6,1179.4,1180.5,1166.3,1154.8,1155.5,1130
1209.5,1209.9,1154.2,1165.6,1136.5,1137.7,1140.4
1210.3,1189.8,1152.1,1140.6,1142.5,1144.6,1118.2
1211.2,1191.2,1166.7,1150.2,1143.7,1164.6,1141
1212.1,1195.8,1189.5,1168.5,1156.8,1151.4,1142.9
1212.9,1164.1,1168.1,1164,1158,1140.2,1140.9
1213.8,1175.5,1174.2,1149.7,1143.3,1120.8,1130.5
1214.6,1184.9,1184.7,1147.8,1144.4,1157.4,1151.8
1215.5,1188.5,1186.1,1159.3,1153,1134.3,1162.2
1216.3,1177.2,1178,1154.7,1155.1,1132.5,1151.5
1217.2,1181.5,1163.2,1165.1,1151.5,1166.2,1150.2
1218.1,1192.4,1163.1,1176.5,1139.8,1170.8,1114
1218.9,1182.2,1196.4,1140.8,1128.5,1144.4,1124
1219.8,1159.1,1210,1148.9,1144.4,1150,1134.2
1220.6,1185.4,1182.2,1132.3,1169.3,1172.5,1130.1
1221.5,1170.8,1155.2,1140.5,1141.2,1132.9,1152.8
1222.4,1183.1,1145.9,1147.7,1140,1147.5,1131.4
1223.2,1183.9,1198.2,1143.9,1141.3,1133.4,1143.5
1224.1,1184.2,1154.5,1145.8,1171.6,1134.4,1139.9
1224.9,1188.8,1161.5,1161.7,1168.3,1155.2,1114.5
1225.8,1179.2,1161.5,1160.9,1141.9,1129.1,1141.9
1226.7,1182.9,1172.6,1161.5,1129.8,1141.1,1136.2
1227.5,1178.3,1173.7,1155.2,1126.8,1153.5,1149.9
1228.4,1177.8,1183.3,1159.7,1145.5,1123.3,1150.2
1229.2,1178.9,1171.4,1154.5,1154.6,1124.5,1141
1230.1,1180.8,1186.3,1151.5,1155.3,1125,1131.2
1231,1194.1,1170.3,1156.2,1144.2,1140.2,1135.8
1231.8,1176.1,1168.5,1157.8,1139.7,1138,1142.8
1232.7,1168,1174.2,1147.1,1145.2,1144.4,1148.1
1233.5,1185.9,1180,1151,1145.4,1149.7,1120.4
1234.4,1174.8,1181.3,1148.3,1138.6,1150.6,1135.7
1235.2,1164.4,1168.9,1125.6,1141.3,1142.9,1142.3
1236.1,1160.8,1161.3,1144.5,1150.2,1141.7,1131
1237,1164.8,1162.5,1161.3,1130.9,1138.9,1141.3
1237.8,1165.4,1161.5,1150.4,1148.7,1126.2,1130.8
1238.7,1174.2,1167.5,1154,1145.3,1144.7,1131.3
1239.5,1186,1172.7,1154.8,1129.7,1161.5,1119.9
1240.4,1188.2,1163.4,1168.8,1126.1,1136.7,1141.7
1241.3,1158.5,1157.1,1154.4,1134.4,1147.6,1137.2
1242.1,1172.3,1154,1141.8,1139.8,1132.6,1128.5
1243,1151.9,1172.7,1176.5,1127.6,1122.1,1105.8
1243.8,1131,1157.3,1161.8,1134.6,1144.6,1114.8
1244.7,1147.5,1138.6,1159.8,1124.3,1136.1,1120.2
1245.6,1177.4,1157.2,1147.6,1143.3,1131.4,1130.5
1246.4,1160.7,1168.8,1156.5,1154,1136.8,1123.2
1247.3,1187.4,1157.8,1140.8,1148.8,1138.1,1121.7
1248.1,1189.3,1177.4,1148.2,1116.6,1125.2,1130.7
1249,1178.2,1150.4,1129.2,1112.3,1148.6,1123.2
1249.9,1171.6,1150,1128.7,1131.3,1132.8,1110.8
1250.7,1160.2,1145.7,1147.9,1104.8,1154.4,1126.4
1251.6,1159.2,1157.4,1147.8,1149.9,1148,1131.2
1252.4,1169.6,1162.3,1168.3,1136.4,1151.2,1122.4
1253.3,1192.8,1163.1,1164.7,1125.6,1137,1129
1254.1,1178.7,1181,1181.1,1126.3,1117.6,1138.5
1255,1165.9,1154.6,1152.7,1133.5,1123,1115.9
1255.9,1169.9,1159.6,1153.9,1143,1154.5,1096.6
1256.7,1177.4,1159.1,1145.3,1136,1141.9,1124.5
1257.6,1163.8,1163.5,1133.7,1127.1,1139.9,1124.8
1258.4,1164.5,1167.3,1125.2,1120.3,1138.8,1129.4
1259.3,1167.4,1139.6,1134.3,1134.7,1141.7,1128
1260.2,1158,1149.3,1139.1,1117.7,1118.1,1117.8
1261,1160.1,1159.7,1139,1112.4,1111.7,1105.8
1261.9,1162.6,1156.4,1140.5,1131.2,1119.8,1123.7
1262.7,1174.9,1148.2,1143.8,1132.5,1111.2,1142.8
1263.6,1163.7,1155.3,1128.5,1139.2,1110.2,1126.9
1264.5,1170,1152.7,1134.2,1145.4,1108,1118.6
1265.3,1185.8,1159.7,1142.7,1119.8,1116.7,1104
1266.2,1180.6,1148.5,1143.9,1110.2,1123.5,1125.4
1267,1172.3,1149.5,1131.4,1110,1125.1,1115.3
1267.9,1177.1,1149.2,1139.5,1147.5,1133.4,1100.2
1268.8,1158.5,1147,1139.1,1144.2,1126.1,1129.9
1269.6,1155.5,1173.8,1129.7,1110.2,1101.5,1100
1270.5,1168.5,1166.7,1141.2,1119.5,1116.7,1104.2
1271.3,1144,1152.3,1157.7,1138,1150.8,1123.1
1272.2,1158.5,1162.5,1145.6,1121,1132.6,1136.9
1273,1182,1120,1118.4,1129.1,1132.9,1125.5
1273.9,1156.9,1169.2,1117.4,1139.9,1115.3,1108.8
1274.8,1160.4,1161,1144.4,1139.2,1127,1131.6
1275.6,1174.9,1147,1141.6,1123.6,1124.4,1117.1
1276.5,1176.3,1150.3,1130.1,1121.7,1129.7,1104.8
1277.3,1169.3,1154.4,1130.7,1147,1128.2,1106.4
1278.2,1139.9,1145.6,1142.4,1144.4,1128,1120.2
1279.1,1152.4,1149.3,1148.8,1140.8,1108.9,1117.2
1279.9,1160.6,1143.8,1139.9,1131.6,1106.5,1102.2
1280.8,1168.2,1151.9,1149,1130.9,1110.9,1121.3
1281.6,1159.3,1149.6,1150.3,1115.1,1126,1131.5
1282.5,1161.2,1165.8,1135.6,1114.2,1125.2,1124.2
1283.4,1158.9,1163.5,1142.9,1127.4,1125.9,1122.7
1284.2,1150.1,1142.8,1150.1,1132.5,1125.9,1125.6
1285.1,1154.5,1158.9,1159.1,1150.8,1123.8,1117.4
1285.9,1148.6,1157.9,1163.2,1138.1,1110.1,1105.5
1286.8,1151.4,1143.2,1127.1,1129.9,1116.2,1117
1287.6,1161.1,1143.3,1134.3,1129.8,1118.6,1122.5
1288.5,1150.4,1147.8,1138.7,1131.7,1117,1122.8
1289.4,1149.1,1150.4,1153.7,1142.4,1132.4,1114.8
1290.2,1137.7,1153.3,1156.1,1126.2,1139.8,1129.6
1291.1,1119.5,1160.7,1141.8,1109.1,1108.7,1118.7
1291.9,1164.9,1173.6,1133.3,1110.7,1121.7,1111.8
1292.8,1151.1,1165.4,1149.6,1131.8,1102.8,1115.2
1293.7,1169.8,1148.1,1173.3,1141,1114.4,1122.3
1294.5,1160.7,1158.8,1135.8,1122.1,1150.1,1122.7
1295.4,1149.4,1156,1142.9,1153.8,1132.6,1131.4
1296.2,1166.4,1143.7,1143.7,1135.7,1112.6,1106.2
1297.1,1161.5,1135,1134.5,1127.2,1150.1,1115.1
1298,1163.1,1138.5,1162.9,1137.3,1110.2,1128.1
1298.8,1154.7,1146.2,1143.6,1131.5,1132.2,1114.5
1299.7,1146.6,1138.2,1119.2,1116.8,1126.1,1093.8
1300.5,1159.8,1142.2,1122.7,1107.1,1115.7,1103.5
1301.4,1157.7,1169.8,1130.8,1120.7,1118,1107.5
1302.3,1159.3,1177,1144.8,1117.8,1122.9,1119.6
1303.1,1164.2,1150.4,1141.4,1127.7,1127.8,1122.5
1304,1143.5,1168,1118.7,1139.1,1117.6,1115
1304.8,1140.1,1159.4,1119.4,1140.6,1125.7,1103.7
1305.7,1151.4,1164.2,1132.2,1137.3,1126.1,1103.5
1306.5,1140,1144,1133.5,1117.7,1121.8,1109.4
1307.4,1163.6,1140,1149.5,1113.3,1128.8,1110.9
1308.3,1159.8,1153.3,1150.5,1107.7,1116.9,1116.5
1309.1,1163.3,1136.7,1129.2,1112.2,1109.4,1110.1
1310,1149.9,1135.9,1110.7,1130.6,1119.4,1128.1
1310.8,1166.1,1132.7,1127.6,1160.1,1095.9,1102.5
1311.7,1171.1,1140.2,1121.7,1121.5,1130.9,1106.8
1312.6,1152.2,1140.1,1175.2,1128.7,1126.2,1118.2
1313.4,1171.3,1134.1,1131.8,1126.3,1119.8,1119.7
1314.3,1171.2,1153.5,1135.9,1134.3,1119.4,1099.3
1315.1,1148.1,1161.2,1136.2,1134,1112.2,1094.1
1316,1148.4,1151.8,1120.7,1124.3,1118.2,1128
1316.9,1164.6,1146.3,1118.9,1140.3,1136.2,1130.4
1317.7,1157,1151.7,1114.6,1127.6,1140.1,1103.8
1318.6,1172.7,1134.6,1116.4,1105,1115,1098.8
1319.4,1162.6,1138.9,1123.5,1091.1,1130.7,1112.8
1320.3,1137.4,1155.9,1131.2,1131.6,1108.4,1103.6
1321.1,1144.3,1142.5,1136.4,1135.1,1104.2,1097.9
1322,1163.7,1139.9,1130.7,1116.3,1108.5,1122
1322.9,1171.6,1124.4,1141.2,1116,1118.5,1122.6
1323.7,1157.3,1111.2,1119.4,1124,1110.7,1118
1324.6,1145.3,1139.2,1118.4,1131.9,1104.1,1109
1325.4,1149.8,1148.8,1117.9,1132.4,1096.3,1103.6
1326.3,1150.8,1162.6,1113,1118,1097.6,1136
1327.2,1130.7,1144.8,1132.2,1117.5,1116.7,1121.5
1328,1145.6,1146.1,1133.8,1114.6,1133.3,1097.5
1328.9,1163.4,1133.6,1135.5,1117.8,1117.9,1105.1
1329.7,1168.3,1162.1,1126.8,1111.2,1128.6,1113.3
1330.6,1168.6,1141.3,1127.8,1122,1110.8,1088.1
1331.5,1136.6,1142.2,1131,1118.7,1094.2,1100.1
1332.3,1138.3,1135.4,1131.9,1137.8,1124.1,1112.3
1333.2,1149.3,1123.3,1101.5,1125.9,1114.5,1102.2
1334,1142.1,1138.5,1129.1,1118.3,1144.1,1111.9
1334.9,1157.3,1132.4,1119,1105.1,1107.4,1109.4
1335.7,1145.7,1144.8,1121.8,1104.7,1119,1110
1336.6,1149,1145.3,1129.7,1128.2,1103.2,1125.1
1337.5,1149.3,1141.5,1126.1,1138.9,1123.9,1102.5
1338.3,1141.3,1130.9,1115.6,1118.2,1105.6,1091.2
1339.2,1138.1,1134.2,1108.9,1113.8,1103.1,1106.4
1340,1147.2,1148.8,1112.6,1112.4,1113.8,1097.8
1340.9,1152.8,1138.2,1112.7,1110.4,1099,1107
1341.8,1158,1140,1126.5,1110.1,1120.4,1100.5
1342.6,1137.3,1142,1130,1100.6,1110,1112.6
1343.5,1147.7,1137.5,1127.8,1112.5,1103.6,1121.6
1344.3,1152.7,1134,1135,1109.3,1098.4,1125.6
1345.2,1144.3,1125.9,1124.6,1111.6,1123.4,1109.9
1346.1,1154.2,1148.1,1115.9,1117,1106.3,1101.8
1346.9,1137.2,1129.9,1111.3,1103.7,1086.3,1106.8
1347.8,1123,1171.8,1120.9,1107.6,1086.1,1115.2
1348.6,1155.6,1112,1111.8,1101.1,1095.7,1101.9
1349.5,1124.3,1128.7,1106.1,1136,1108.7,1115.1
1350.4,1120.8,1143.6,1118.1,1125.9,1110.4,1085.3
1351.2,1133.9,1152,1129.1,1111.1,1092.2,1098.5
1352.1,1144.7,1140,1122,1127.5,1109,1101.3
1352.9,1155.1,1146.6,1120.2,1091.8,1109,1095.3
1353.8,1162.1,1129.9,1138.7,1108.5,1110.7,1088.8
1354.6,1149.7,1137.8,1141.9,1121.2,1115.5,1086.1
1355.5,1130.7,1135,1118.5,1107.2,1100.1,1101.7
1356.4,1137.1,1129.2,1112,1102.4,1096.9,1108
1357.2,1148.3,1138.4,1103.7,1117.4,1105.5,1102.8
1358.1,1153.7,1160.6,1108.5,1095.2,1098.4,1114.6
1358.9,1155.1,1152.2,1121.2,1104.8,1111.6,1127.2
1359.8,1152.3,1147,1120.4,1110.8,1121.8,1107.5
1360.7,1133.3,1142.7,1122.6,1116.8,1100.6,1068.3
1361.5,1129.9,1122.6,1128.3,1099.9,1104.7,1096.6
1362.4,1128.2,1139.7,1126.4,1098.7,1106.3,1097.9
1363.2,1128,1128.9,1127.2,1118.3,1110.2,1094.6
1364.1,1128.3,1123.6,1175.2,1132.9,1109.2,1088.5
1365,1136.2,1125.6,1107.8,1100.8,1108.5,1087.5
1365.8,1138.8,1133,1125.9,1092.3,1136.2,1101.2
1366.7,1137.5,1108.1,1124.7,1105.9,1101.9,1115.2
1367.5,1117.4,1123.4,1106.8,1089.4,1111.3,1090.8
1368.4,1127.9,1130.4,1119.6,1111.9,1095.8,1114.1
1369.2,1138.4,1112.3,1106.3,1098.7,1088,1111.4
1370.1,1140.9,1120.6,1101.3,1106.6,1114.9,1115.8
1371,1140.1,1141,1115.4,1094.9,1098.1,1100.4
1371.8,1137.9,1146.2,1104.9,1109.5,1101.4,1107.6
1372.7,1129.8,1130.9,1104.9,1112.7,1103.5,1115.4
1373.5,1144.7,1138.5,1106.6,1094,1111.6,1113.3
1374.4,1150.6,1144,1103.4,1097,1117,1089.5
1375.3,1136.8,1138,1121,1102.5,1106.3,1086.7
1376.1,1149.2,1109,1117.1,1105.5,1087.5,1099.6
1377,1131.6,1117.1,1104.5,1105.1,1084.4,1092.7
1377.8,1139.8,1123.5,1114.8,1106,1114.1,1090.8
1378.7,1148.8,1116.5,1126.2,1092.3,1104.2,1091.7
1379.6,1120.8,1109.7,1115.9,1107.6,1090.8,1086.8
1380.4,1150.9,1132.9,1111,1103.7,1106.9,1101.2
1381.3,1148.1,1123.6,1114.2,1102,1107.5,1112.5
1382.1,1144,1110.6,1111.7,1087.8,1094.9,1092
1383,1133.1,1120.8,1113.6,1111.4,1088.8,1084.5
1383.8,1137.5,1124,1110.9,1096.6,1104.9,1087.7
1384.7,1134,1128.8,1113.3,1106.1,1105.1,1089.1
1385.6,1121.4,1133.7,1103.4,1104.1,1114.5,1099.8
1386.4,1136.8,1133.7,1102.5,1097,1106.6,1106.1
1387.3,1134.1,1124.5,1109.3,1106.3,1088.8,1102.1
1388.1,1127.7,1114.2,1105.1,1121,1085.9,1093.3
1389,1140.9,1132.9,1101.9,1123.9,1112.4,1104.6
1389.9,1132.5,1141.6,1117,1109.4,1111.1,1090.5
1390.7,1136.4,1151.3,1127.4,1119.2,1109.4,1077.2
1391.6,1122.6,1158.4,1121,1118.3,1108.7,1085.3
1392.4,1122.5,1127,1101.5,1102.2,1094.7,1086
1393.3,1153.4,1157.4,1101,1110.3,1106.5,1091.6
1394.2,1152.4,1149.9,1124.9,1113.5,1102.7,1099
1395,1149.5,1141.9,1106.8,1113.6,1090.8,1085.8
1395.9,1144.2,1133.9,1105.5,1101.7,1103.8,1094.5
1396.7,1147.8,1127.4,1102.3,1107.3,1115.2,1092
1397.6,1131.3,1140.6,1112.1,1127.7,1115.3,1086.8
1398.4,1127.8,1127.4,1112.6,1127.3,1099.2,1090
1399.3,1127.1,1121.9,1113,1114.7,1093.2,1085.1
1400.2,1129.8,1132,1107.2,1101.5,1093.9,1083
1401,1114.4,1133,1119.8,1098.3,1093.7,1072
1401.9,1132.3,1128,1116.8,1097.1,1082.1,1086.9
1402.7,1147.4,1133.2,1113.3,1096.8,1106.8,1100.7
1403.6,1133.8,1131.8,1109.4,1092.3,1116.7,1098
1404.5,1127.1,1153.1,1100.5,1116.2,1110.5,1106.9
1405.3,1145.8,1134,1085.2,1099.3,1093.5,1094.8
1406.2,1123,1142.1,1110.9,1081.9,1092.8,1093.7
1407,1137.7,1102.1,1127.3,1109.6,1097.2,1069.6
1407.9,1127.3,1125.8,1114.5,1103.5,1100.4,1082.4
1408.8,1132,1132.7,1117.4,1106.4,1092.8,1070.8
1409.6,1133.9,1137,1109.8,1092.1,1093.9,1083
1410.5,1122.2,1129.9,1105,1102.9,1095,1075
1411.3,1110.4,1134.7,1098.3,1109,1090.1,1075.3
1412.2,1113,1132.5,1109.4,1092.7,1086.3,1075
1413,1117.5,1121.9,1114.5,1096.2,1086.5,1082.3
1413.9,1115.4,1126.6,1115.5,1090.1,1079.8,1073.1
1414.8,1122.7,1122.9,1107.7,1083.3,1087.8,1072.1
1415.6,1108.5,1101.5,1085.6,1100.9,1080.3,1060.8
1416.5,1111,1093.4,1113.2,1094.3,1070.1,1069.5
1417.3,1126.2,1116.1,1108.2,1087.9,1097.2,1087.5
1418.2,1137.4,1117.1,1104.7,1086.5,1079.8,1096.1
1419.1,1104.6,1111.3,1127.1,1079.5,1111,1086.3
1419.9,1134.1,1120.2,1105.5,1123.3,1072.2,1079.6
1420.8,1115.1,1106.8,1129.7,1078.2,1069.9,1074
1421.6,1111.8,1128.4,1103,1115.8,1086.1,1083.8
1422.5,1117.3,1101.2,1093.8,1108.3,1072.6,1071.2
1423.4,1126.6,1110.8,1110.7,1082.4,1077.8,1062.8
1424.2,1137.3,1119.5,1096.9,1095.1,1079,1058.2
1425.1,1126.3,1124.7,1105.8,1095.6,1086,1075.6
1425.9,1130.7,1117.6,1107.5,1094,1082.6,1093
1426.8,1130.5,1109.1,1117.5,1084.7,1060.5,1109.2
1427.6,1114.9,1127,1103.8,1079.7,1069.5,1095
1428.5,1116.7,1123.2,1080.6,1084,1090.3,1073.4
1429.4,1116.3,1116.7,1093.8,1092.4,1094.8,1077.3
1430.2,1136.4,1108.8,1115.3,1075,1102.4,1105.4
1431.1,1129.1,1106.2,1089.8,1115.5,1099,1077.7
1431.9,1121.7,1090.4,1114.2,1101.1,1097.7,1071.3
1432.8,1130.5,1118.3,1119.4,1099,1094.7,1092
1433.7,1130.4,1103.6,1111,1121.6,1106.5,1073.5
1434.5,1121.8,1124.4,1110.1,1102.3,1108.9,1073.5
1435.4,1123.7,1134.6,1100.1,1113.6,1100,1098.6
1436.2,1119.1,1113.9,1086.8,1117.3,1094.2,1080
1437.1,1130.1,1121.2,1100.7,1091.2,1090,1069.6
1437.9,1126.3,1120.5,1117.7,1082.8,1087.6,1087.6
1438.8,1108.8,1110.7,1126.4,1091.8,1084.4,1063.4
1439.7,1113.8,1122.1,1127.5,1091.1,1094.1,1053
1440.5,1125.1,1109.1,1101.4,1086.1,1076.8,1086.6
1441.4,1118.6,1140.4,1081.1,1084,1089.2,1079.4
1442.2,1104.1,1119.2,1096.6,1079,1094,1082.4
1443.1,1131.2,1120.2,1110.7,1086.7,1091,1088.8
1444,1125,1103.9,1087.9,1088.3,1081,1098.3
1444.8,1128.6,1112.7,1089.5,1092,1070,1081.7
1445.7,1101.4,1116.4,1096.8,1080.9,1075.1,1085.9
1446.5,1105,1099.1,1109.3,1092,1071.8,1099.2
1447.4,1114.8,1093.5,1102.6,1089.9,1075.8,1084
1448.3,1095.7,1094.5,1112.8,1100.4,1091.1,1074.2
1449.1,1097.3,1097.9,1125.4,1092.1,1078.8,1081.7
1450,1117.8,1099.5,1108.7,1076.6,1090.8,1089.9
1450.8,1127.3,1088.3,1106.6,1097.5,1095,1077.7
1451.7,1122.3,1109.5,1095.1,1081.7,1081.4,1086.7
1452.5,1127.2,1111.6,1093.4,1100.1,1082.3,1078.7
1453.4,1141.9,1123,1104.8,1099.5,1100.3,1075
1454.3,1146.3,1140,1116.7,1096.9,1076.8,1075
1455.1,1093.8,1104.8,1088.7,1096.3,1080.2,1073
1456,1102.1,1110.2,1116.6,1089.9,1082.8,1073.7
1456.8,1115.7,1102.6,1099.7,1104.7,1102.1,1071.8
1457.7,1123.6,1108.5,1091.3,1083.5,1085.7,1068.7
1458.6,1116,1116.4,1094.6,1086.4,1079.6,1060.9
1459.4,1112.2,1105.2,1106.9,1098.8,1074.3,1068.4
1460.3,1102.5,1118.4,1106.3,1086,1080.3,1089.8
1461.1,1093,1132.9,1102.6,1083,1069.8,1083
1462,1109.6,1105.7,1085.3,1090.6,1068,1068
1462.9,1116.3,1106.7,1082,1079.7,1060.1,1063.6
1463.7,1128.9,1118.1,1088.6,1089.2,1069.5,1064.8
1464.6,1121.6,1100.5,1104.5,1127.2,1087.7,1066
1465.4,1111.7,1101.4,1085.4,1077,1089.3,1089.7
1466.3,1113.5,1098.5,1084,1101.6,1105.1,1072.9
1467.1,1111.2,1113.1,1096.9,1080.6,1086.3,1073.1
1468,1100.6,1111.4,1083.2,1075.2,1085.7,1094.3
1468.9,1101.3,1112.5,1077.7,1072.7,1088.1,1076.2
1469.7,1116.2,1102.3,1078.5,1092.9,1094.5,1063.2
1470.6,1111.5,1093.1,1092.7,1101,1085.9,1070.9
1471.4,1087.5,1102.2,1104,1099.5,1096.6,1070.9
1472.3,1102.6,1106.9,1089.1,1085.6,1081.2,1061.5
1473.2,1115.2,1112.9,1096.3,1081.7,1089.1,1063.3
1474,1123.1,1104.9,1108.2,1076.6,1071.5,1077.3
1474.9,1111.3,1101.6,1077.4,1073.3,1066,1068.3
1475.7,1107.8,1109.1,1077.7,1086.2,1078.6,1084.1
1476.6,1098,1094.2,1085.3,1088.3,1094.6,1078.2
1477.4,1113.5,1071.1,1097.5,1096.3,1098.7,1071.9
1478.3,1112.7,1088.4,1089.8,1076.1,1061.9,1063
1479.2,1121.7,1103.5,1083,1092.1,1061.4,1046.7
1480,1128.6,1103.1,1094.8,1079.3,1087,1069.3
1480.9,1119.5,1105.2,1093.6,1088.9,1074.8,1066.5
1481.7,1124.3,1105.3,1088.1,1075.5,1075,1057.3
1482.6,1113.4,1104.9,1081.5,1069.3,1088.1,1040.6
1483.5,1114.9,1105.4,1071.5,1072.2,1078.8,1057.2
1484.3,1124.1,1089.3,1099.1,1062.6,1076.5,1087.3
1485.2,1121.7,1093.5,1095.8,1081.8,1071.8,1083.4
1486,1095.1,1107.6,1092.3,1071.5,1044.8,1065.8
1486.9,1101.9,1106.7,1093.2,1098.1,1072.5,1070.5
1487.8,1114.1,1085.5,1077,1057.7,1051.9,1067.1
1488.6,1125,1098.3,1098.9,1083.4,1083.5,1070.1
1489.5,1116.9,1106.9,1064.3,1075.2,1065.6,1055.5
1490.3,1115.9,1079.2,1079.9,1067.9,1083.5,1059.2
1491.2,1112.6,1109.5,1074,1073.9,1072.1,1059.2
1492,1124,1110.2,1076.3,1074.8,1058,1059.5
1492.9,1118.4,1091,1093.2,1082,1061.6,1057.7
1493.8,1115,1079.4,1098.9,1078.5,1086.8,1069.3
1494.6,1123.8,1075.7,1113.9,1086.9,1088.8,1055.4
1495.5,1123.5,1080.7,1094,1079.3,1074,1026
1496.3,1099.8,1092.9,1077.2,1090.3,1084.6,1060.6
1497.2,1115.9,1090.2,1070.4,1075.3,1066.5,1056.8
1498.1,1107.2,1120.5,1080.9,1077,1056.9,1066.5
1498.9,1118.8,1097.4,1095.1,1082.6,1061.3,1068.4
1499.8,1119.4,1092.8,1091.3,1073.9,1068.4,1078.5
1500.6,1112.8,1105.3,1087.2,1062.2,1063,1064.9
1501.5,1110.5,1099.7,1089.9,1072.7,1052.9,1072
1502.3,1106.1,1098.2,1089.6,1069.8,1066.1,1080.6
1503.2,1093.2,1113.1,1096.8,1057,1074.2,1077.5
1504.1,1096.4,1099.2,1090.6,1065.6,1054.5,1066.1
1504.9,1106.7,1113.4,1080.2,1094.9,1059.6,1044
1505.8,1102,1122.5,1073.1,1068.9,1041.7,1034.4
1506.6,1104.1,1103.6,1094.6,1075,1078.3,1045.4
1507.5,1105.8,1091.9,1083,1077.4,1043.3,1066.6
1508.4,1111.1,1107,1061.8,1063,1074,1044.3
1509.2,1084.5,1091.4,1078,1084.9,1081.3,1044.7
1510.1,1097,1108.5,1078,1078.8,1055.3,1065.8
1510.9,1098.3,1121.2,1073.7,1068.5,1055.5,1055.3
1511.8,1120.6,1094.2,1073,1072.5,1074.2,1069.5
1512.7,1115.6,1079.6,1090,1078.6,1077.6,1056.2
1513.5,1108.3,1087.7,1097.6,1077.7,1068,1063
1514.4,1109,1089.2,1102.1,1076.5,1070.7,1077.8
1515.2,1118.5,1106,1084.1,1091.1,1101.8,1049.4
1516.1,1095.9,1083.6,1069.1,1051.2,1070.2,1064.6
1516.9,1099.9,1086.6,1060.2,1053.2,1084.3,1044
1517.8,1086,1105.6,1080,1073.1,1070.5,1075.2
1518.7,1088.2,1101.3,1063.3,1053.4,1077.2,1067.5
1519.5,1101.8,1099.5,1075.8,1052.5,1052.5,1051.1
1520.4,1090.6,1096.7,1087.3,1068.2,1050.8,1040.9
1521.2,1098.6,1081.3,1079.2,1064.2,1062.3,1054.8
1522.1,1091.8,1085.9,1088.6,1072,1070,1065.2
1523,1082.7,1098.3,1092.1,1068,1077.9,1061.1
1523.8,1096.5,1073.3,1089,1060.8,1054.9,1064.6
1524.7,1123.3,1121.6,1068,1066.5,1077.5,1060.3
1525.5,1103,1094.5,1116.2,1076.1,1069.8,1058.2
1526.4,1113.8,1094,1105.5,1078.7,1038.2,1081.2
1527.2,1117.7,1119.7,1075.3,1053.9,1076.3,1050.3
1528.1,1084.5,1110.1,1075.5,1088,1066.2,1035.3
1529,1104.6,1107.3,1081.9,1069.7,1063.2,1047.4
1529.8,1098.5,1090.7,1090.2,1056.3,1056.4,1052.6
1530.7,1108.2,1070.7,1090.2,1062.5,1068,1072.8
1531.5,1094.8,1077.9,1064.4,1075.6,1061.6,1046.9
1532.4,1089.5,1104.5,1069.5,1075.7,1074.3,1049.8
1533.3,1096.9,1079.8,1083.3,1067,1070.9,1050.8
1534.1,1103.9,1083.2,1071.7,1082.9,1064.5,1039.7
1535,1103.6,1098.6,1075.3,1070.3,1016.9,1026.7
1535.8,1095.4,1107,1086.5,1064.6,1034.8,1054.7
1536.7,1118.5,1103.6,1085.3,1081.4,1062.4,1075.1
1537.6,1083.8,1095,1089.8,1087.8,1056.7,1059
1538.4,1095.6,1085,1081.1,1075.4,1071.1,1056.8
1539.3,1093.3,1084,1073.5,1074,1057.9,1045.3
1540.1,1094.3,1087.8,1091.3,1068.6,1047.9,1063.1
1541,1098.1,1094.6,1094,1060.3,1054.2,1049.1
1541.8,1104.4,1091.1,1074.2,1074,1057.3,1044.9
1542.7,1102.2,1085.7,1064.2,1068.2,1058.5,1019.2
1543.6,1109.9,1086.1,1084.7,1070.4,1057.2,1028.8
1544.4,1082.9,1077.2,1058.8,1048.8,1044,1031.6
1545.3,1099.1,1072.4,1078,1042.8,1033.6,1054.6
1546.1,1083.6,1096.2,1063.3,1042.8,1044,1038.8
1547,1113.1,1092.3,1095.5,1052.7,1068,1037.6
1547.9,1117.6,1110.5,1081.2,1072.3,1066.6,1051.1
1548.7,1110.9,1097,1068.4,1077.2,1057.2,1057.1
1549.6,1094,1085.5,1082.9,1086.1,1060.2,1061.2
1550.4,1099.5,1085.6,1085.8,1078.7,1067.2,1042
1551.3,1083.1,1099.4,1089.3,1052.4,1047.8,1046.5
1552.1,1085.7,1085.7,1078.2,1054.7,1063.4,1063
1553,1099.6,1086.3,1097.3,1104,1079.9,1052.8
1553.9,1096.9,1083.9,1079.2,1045.9,1058.5,1046.4
1554.7,1077.6,1059.6,1082.8,1056.8,1076.4,1055.8
1555.6,1091.3,1078.2,1069.9,1062,1077.7,1047.6
1556.4,1089.4,1082.1,1064.2,1069,1053.5,1039.1
1557.3,1092.9,1097.6,1075.1,1053.5,1069.4,1055.1
1558.2,1084.7,1090.3,1066.2,1059.8,1063.4,1053.2
1559,1118.2,1069.3,1062.2,1052.9,1047.1,1038.6
1559.9,1103.8,1078.1,1065.5,1071.7,1041.8,1087.4
1560.7,1113.3,1089.4,1050.1,1049.4,1038.8,1071.3
1561.6,1113.1,1081.7,1072.1,1070.3,1048,1063.8
1562.4,1089.1,1074.4,1067.7,1070.1,1059.9,1051.3
1563.3,1090.8,1075.6,1069.6,1069.1,1059.3,1044.3
1564.2,1089.8,1082.5,1082.1,1060.3,1075,1038.2
1565,1088.3,1092.9,1059.7,1063.7,1065.6,1049.7
1565.9,1090.8,1089.3,1059.7,1054.3,1062.4,1043.8
1566.7,1095.6,1067.4,1070.5,1057.5,1040.7,1043.3
1567.6,1093.4,1085.5,1070.2,1061.6,1039.2,1054.6
1568.5,1088.2,1092.4,1077.1,1056.3,1075,1047.3
1569.3,1088.9,1079.1,1085,1064.9,1049,1059.7
1570.2,1093,1086.3,1077,1066.1,1074.9,1057.9
1571,1099.6,1086.1,1066.2,1066.9,1037.1,1057.8
1571.9,1102.7,1072.6,1052.6,1056.8,1057.5,1054.1
1572.8,1086,1082.8,1075.3,1061.5,1058.5,1041.9
1573.6,1082.2,1088,1074.4,1052.2,1051.6,1046.7
1574.5,1099.7,1075,1051.4,1073.6,1065.4,1047.8
1575.3,1099,1067.5,1069.5,1075.2,1057.4,1052.7
1576.2,1093.3,1078.3,1061.6,1054.4,1068.8,1055.5
1577,1070.2,1075.7,1083.8,1048.2,1061.5,1062.8
1577.9,1101.7,1056.2,1052.6,1073.7,1043.9,1054.8
1578.8,1082,1088.6,1057.8,1053.3,1049,1036.1
1579.6,1069.7,1089,1053,1059.2,1079.5,1045.5
1580.5,1080,1086.4,1064.8,1066.2,1059.5,1046.9
1581.3,1085.9,1095.9,1072.7,1065.6,1067.5,1060.4
1582.2,1095.8,1100,1065.9,1058.6,1067.3,1053
1583.1,1084.3,1080.5,1080.7,1069.6,1054.8,1056.2
1583.9,1085.4,1066,1074.8,1067.2,1051.7,1064.8
1584.8,1091.6,1093.4,1083.5,1080.5,1077,1056.8
1585.6,1094.9,1099.2,1078.7,1054.1,1084.5,1059.9
1586.5,1091.5,1067.9,1105.8,1074.2,1058.6,1041.8
1587.3,1068.6,1078,1091.1,1062.7,1066.2,1079.3
1588.2,1100.4,1103.4,1079.2,1035.3,1072.4,1043.7
1589.1,1092.8,1069,1080.9,1078,1055.3,1062
1589.9,1085.4,1071.6,1071.4,1060.7,1051.5,1066.3
1590.8,1088.1,1079.6,1052,1050.1,1065.4,1046.2
1591.6,1100.2,1094.3,1059.4,1082.5,1058,1045.5
1592.5,1091.1,1102.8,1073.5,1069.3,1061.2,1046.5
1593.4,1077.8,1084.2,1065.6,1059.4,1065.2,1065.7
1594.2,1095.9,1096.3,1066.8,1064,1063.7,1041.6
1595.1,1079,1105.4,1066.4,1076.2,1074.6,1068
1595.9,1094,1067.1,1075.6,1070.5,1043.5,1059
1596.8,1082,1081,1061.8,1062.2,1045.6,1051.7
1597.6,1084.1,1075.2,1063.5,1047.1,1056.8,1054
1598.5,1101.1,1063.7,1064.1,1049,1057.9,1059.9
1599.4,1103.4,1066.4,1065.2,1053.2,1043.2,1051.5
1600.2,1096,1086.4,1075.1,1046.4,1037.4,1054.9
1601.1,1098.7,1096,1079,1065.4,1050.5,1063.7
1601.9,1121.3,1097.7,1046.6,1061.4,1050.1,1007.5
1602.8,1111.3,1087.9,1076.8,1040.4,1008.1,1058
1603.7,1089.8,1095.6,1051.8,1036.8,1043.5,1030.4
1604.5,1095.8,1079.4,1066,1046.7,1055.2,1042.8
1605.4,1108.3,1057.9,1071.1,1047.8,1061.4,1037.1
1606.2,1105.6,1066.5,1074.1,1055.7,1051.7,1038.3
1607.1,1095.5,1073.8,1076.8,1065.1,1055.2,1043
1607.9,1086.3,1064.7,1084.3,1064.2,1055.5,1053.8
1608.8,1099,1060.4,1084.5,1071.4,1050.5,1061.7
1609.7,1103.6,1071.6,1075.1,1065.5,1057.6,1059.8
1610.5,1069.9,1087,1060.3,1060.7,1057.9,1035.5
1611.4,1095.4,1103.2,1079.4,1078.9,1067.3,1048.5
1612.2,1088.3,1057.1,1063,1064.7,1042.5,1063.9
1613.1,1085.4,1061.4,1043.3,1063.4,1049.9,1052.5
1614,1106.8,1060.3,1065.7,1051.2,1068.5,1030.7
1614.8,1113.2,1076.2,1064.2,1040.4,1062.3,1040.2
1615.7,1114.7,1075.9,1063.8,1068,1053.2,1064.3
1616.5,1084.2,1067.8,1069.4,1065.3,1043.7,1057.6
1617.4,1104,1077.7,1047.7,1067.2,1053.5,1042.7
1618.2,1129,1071.7,1073.9,1068.2,1029.4,1053.5
1619.1,1089.6,1100.2,1056.8,1091,1058.9,1046.6
1620,1102.8,1053.5,1060,1067.7,1063.4,1037.6
1620.8,1095.4,1070.9,1061.1,1069.5,1058,1037
1621.7,1082.4,1079.6,1063.8,1062.7,1060.5,1042.6
1622.5,1090.3,1083.1,1052.7,1054.6,1040,1040.3
1623.4,1063.2,1071.8,1064.3,1039.8,1052.3,1042.1
1624.3,1075,1076.5,1043.6,1050.7,1046.5,1036.6
1625.1,1088.3,1076.2,1070.1,1050,1058.8,1044.1
1626,1076.6,1073.1,1081,1041.8,1027.3,1034
1626.8,1089.8,1074.5,1069.9,1030,1049.3,1055.5
1627.7,1078.2,1072.9,1048.8,1062.4,1034.6,1038.8
1628.6,1061.3,1070.3,1072.5,1058.1,1037.6,1033.3
1629.4,1087.8,1077.4,1067.9,1047.7,1046.5,1039.5
1630.3,1082.2,1084.8,1041.4,1069.8,1057,1057
1631.1,1100.6,1093.8,1063.5,1060.8,1027.6,1056.8
1632,1105.7,1078.2,1061.3,1030.9,1056.1,1062.1
1632.8,1100.1,1072.2,1051.5,1077.8,1067.9,1036.3
1633.7,1087.9,1083,1049.4,1081.2,1042.7,1047.6
1634.6,1077.5,1086.2,1043.6,1052.3,1059.3,1039.3
1635.4,1074.8,1062.8,1057.1,1039.2,1055,1055.5
1636.3,1075.5,1064.3,1066.2,1052.1,1038.8,1057.9
1637.1,1076.9,1079.1,1069.4,1053.6,1035.9,1054.1
1638,1073.9,1061.3,1060.2,1058.5,1033.4,1039.4
1638.9,1059.2,1074.8,1088,1063.7,1025.2,1036.7
1639.7,1083.7,1064.5,1045.6,1052.8,1045.2,1034.2
1640.6,1083.7,1053.9,1058.9,1049.4,1052.1,1032.8
1641.4,1094.6,1053.6,1069.9,1016.7,1052.6,1034.1
1642.3,1079.2,1070.7,1061.5,1026.5,1048.1,1054.8
1643.1,1071,1059.5,1039.4,1044.5,1038.7,1050.8
1644,1075.5,1067.5,1056.2,1057.2,1032.1,1038.6
1644.9,1077.2,1060.7,1050.1,1053.7,1046.2,1040.5
1645.7,1077.8,1074.8,1041,1047.2,1054.9,1036.4
1646.6,1082.8,1062.3,1037.8,1032.9,1038.5,1015.5
1647.4,1078.2,1071.2,1049.5,1048,1025.1,1005
1648.3,1080.1,1072,1070.1,1047.1,1050.7,1036.1
1649.2,1054.6,1062.8,1051.8,1044.4,1059.3,1020.9
1650,1067,1068.8,1041.2,1037.3,1049.8,1018.5
1650.9,1064.6,1071.2,1043.4,1047.9,1052.5,1020.6
1651.7,1073.9,1076.2,1067.6,1058.8,1057.4,1037
1652.6,1061.1,1067.7,1057,1048,1040,1036.5
1653.4,1059.6,1062,1061.7,1032.7,1043.4,1025.3
1654.3,1097.2,1070,1058.7,1041.7,1021,1018.3
1655.2,1082.9,1075.5,1062.8,1042.8,1028.8,1051.2
1656,1090.2,1077.5,1042.7,1048.1,1052.5,1064.1
1656.9,1067.8,1078.3,1061.8,1034,1048.9,1035.5
1657.7,1077.8,1070.5,1038,1021.9,1047.8,1020.1
1658.6,1063.1,1055.5,1029.1,1032.8,1031.5,1015.2
1659.5,1055,1074,1045,1049,1042.9,1016.7
1660.3,1072.7,1078.4,1037.3,1042.3,1058.6,1016.1
1661.2,1087,1060.2,1054.7,1023.9,1018.3,1028.7
1662,1094.5,1048.1,1059.3,1040.6,1024.8,1009.5
1662.9,1053.4,1070.6,1045.4,1032.1,1035.4,1015.7
1663.7,1074.5,1077.8,1045.1,1026.1,1053.7,1030
1664.6,1075.5,1060.4,1037.8,1045,1045.3,1028.6
1665.5,1070,1041.1,1051.7,1054.5,1033.6,1045.5
1666.3,1079.8,1036.6,1042.7,1042.5,1027.9,1054
1667.2,1084.2,1066.8,1053.4,1039.3,1062.9,1024.9
1668,1046.4,1064.9,1080.5,1043,1052.3,1036.5
1668.9,1069.3,1052.6,1014.7,1027.3,1053.8,1030.4
1669.8,1078.8,1056.9,1044.6,1044.7,1018.5,1031.8
1670.6,1072,1059.5,1051.2,1029.4,1039.5,1032.1
1671.5,1065.3,1049.1,1043,1055.9,1032.2,1021.4
1672.3,1080.9,1048.8,1036.9,1040.4,1042.7,1020.9
1673.2,1061.2,1049.7,1025.5,1036.2,1051.5,1019
1674,1079.2,1053.2,1055.5,1039.1,1056.1,1040.2
1674.9,1051.9,1038.1,1016.4,1055.6,1055.5,1030
1675.8,1084.6,1070.4,1054.3,1029.8,1021.2,1029.8
1676.6,1067.6,1066,1037.5,1034.4,1035.1,1019.4
1677.5,1077.5,1056.3,1035.6,1027.8,1017.7,1009.7
1678.3,1073,1057.3,1050.1,1024.6,1024.9,1022.8
1679.2,1094.2,1068.8,1053.8,1047,1047.3,1039.8
1680.1,1058.2,1073,1047.2,1059.3,1046.4,1048.5
1680.9,1082,1063.7,1029.3,1028.4,1035.7,1033.1
1681.8,1048.2,1057.6,1037.6,1021.4,1036.5,1019.7
1682.6,1060.4,1053.3,1027.8,1043.1,1043.4,1033.6
1683.5,1065.9,1036.3,1030.7,1056.3,1025.8,1041
1684.3,1051.9,1042.3,1039.4,1049.2,1025.4,1056.9
1685.2,1064.8,1061.7,1048.9,1036.4,1029.5,1015.3
1686.1,1060.7,1070.9,1052.5,1028.4,1021.7,1018
1686.9,1066.3,1064,1059.5,1042,1018,1038.2
1687.8,1069.7,1074.2,1031.5,1041.1,1039,1045.8
1688.6,1045.7,1042.8,1053.3,1028.5,1021,1018.3
1689.5,1043.7,1083,1063.4,1032.3,1038.8,1010
1690.4,1055.4,1054.1,1032.3,1033.4,1043.9,1035
1691.2,1044.4,1060.6,1040.4,1043.5,1026.7,1025.3
1692.1,1056.9,1065.2,1041,1046.6,1025.6,1029.2
1692.9,1070.6,1065.7,1036.4,1039.4,1044.7,1027.3
1693.8,1076.6,1060.8,1046.9,1044,1034.1,1009.3
1694.6,1044.8,1052.1,1059.3,1021.8,1056.1,1019
1695.5,1065.7,1057,1040.5,1030.6,1028.9,1049.4
1696.4,1063.6,1078.6,1052.1,1036.1,1034.5,1014.1
1697.2,1069.8,1055.7,1053.1,1046.4,1037.5,1029.7
1698.1,1082.7,1054.8,1037.3,1039.6,1044.9,1021.8
1698.9,1083.5,1062.2,1050.9,1038.5,1046.4,1015.8
1699.8,1087.5,1064,1045.7,1055.6,1033.7,1005.9
1700.7,1087.4,1060.1,1048.3,1032.6,1023.9,1020.5
1701.5,1065.1,1049,1006.5,1025.6,1049.6,1018
1702.4,1068.3,1067.7,1058.9,1036.6,1041.4,1026.9
1703.2,1065.5,1054,1043.3,1037.7,1023.1,1029.9
1704.1,1065.8,1045.3,1046.3,1023.2,1033.3,1021.5
1704.9,1065.5,1062.3,1046.4,1039.3,1035.6,1019.9
1705.8,1060.2,1048.5,1042.9,1032.5,1018.1,1023.7
1706.7,1051.2,1071.2,1057.8,1016.7,1022.5,1032.5
1707.5,1064.4,1059.7,1023.8,1039.3,1020,995.93
1708.4,1046.3,1060.5,1047.2,1023.7,1034.2,1010.3
1709.2,1047.5,1049.5,1021.8,1032.2,1026.8,1008.6
1710.1,1039.8,1051.6,1035.4,1020,1019.8,1022.3
1710.9,1041.6,1052.7,1027.6,1012.7,1009.9,1010.1
1711.8,1058.2,1039.1,1035.4,1023.6,1026.3,1009.3
1712.7,1078.9,1062,1056.5,1026.1,1046.4,1030.8
1713.5,1052.6,1057.6,1050.1,1007.5,1006.2,1035.3
1714.4,1048.7,1050.5,1028.2,1042.8,1038.7,1010.9
1715.2,1060.9,1063.6,1031.8,1041.6,1014.8,1027
1716.1,1055.3,1048.7,1032,1026.2,1012.1,1019.3
1717,1046.3,1045.2,1041,1034.2,1010.5,1011.3
1717.8,1054.5,1051.3,1026,1036.5,1031.2,1012.1
1718.7,1061.1,1056.5,1035.1,1023.9,1025.1,1033.9
1719.5,1053.4,1050.6,1035,1035.2,1050,1022.1
1720.4,1035.5,1052.8,1051,1027.9,1035.7,1016.2
1721.2,1061.3,1037.6,1038.7,1043.7,1016,1008.5
1722.1,1058.2,1032.8,1051.8,1029.2,1007.8,989.48
1723,1072.3,1045,1037.6,1035.9,1005,1012.8
1723.8,1049.5,1049.7,1028.4,1048.2,1011.3,1017.9
1724.7,1053.7,1038.8,1030.1,1037.5,1024.3,1024.2
1725.5,1057.7,1023.2,1047.8,1020.5,1028.2,1023.8
1726.4,1061.3,1022,1016.8,1018.8,1024,1010.5
1727.3,1059.7,1032.3,1049.4,1017.1,1030,1028.6
1728.1,1057.5,1045.9,1023.5,1017.8,1016.7,1021
1729,1053.7,1059,1050,1016.9,1027.4,1006.7
1729.8,1048.7,1044.1,1037.3,1018.2,1030.7,997.52
1730.7,1047.8,1044.8,1031.4,1021.7,1023.7,1005.5
1731.5,1072.5,1050.4,1026.9,1020.6,1007.5,1007.5
1732.4,1056.2,1019.1,1036.8,1039.2,1012.7,1023.8
1733.3,1044.7,1036.2,1026.2,1019.1,1008.2,1012.2
1734.1,1051.5,1043,1040.2,1025.4,1021.5,998.43
1735,1047.3,1037.6,1035.8,1030.2,1030,1014
1735.8,1047,1039.3,1028.5,1015.9,1031.3,1007.6
1736.7,1041.2,1059.8,1049.4,1022.4,1032.3,1022.6
1737.6,1039.1,1047.2,1036.1,1029.2,1032.7,1030.4
1738.4,1022.2,1036.3,1024.4,1026.1,1001.2,1028.5
1739.3,1041.7,1029.5,1035.8,1008.1,1031.2,1009.1
1740.1,1071.1,1051.1,1029,1014.2,1036,1018
1741,1067.4,1052.8,1036.1,1022.9,1021.5,1003.3
1741.8,1040.8,1045.6,1025.3,1019,1038.8,1009.6
1742.7,1037.3,1041.7,1028,1023,1015.5,997.41
1743.6,1074.1,1045.1,1046.7,1022,1039.5,1010.1
1744.4,1037.9,1065.6,1036.7,1024,1010.2,996.1
1745.3,1074.8,1063,1036.6,1049.6,990.04,975.69
1746.1,1064.8,1018,1016.5,1020,1014.2,1008.2
1747,1047,1031.3,1053.2,1022.1,1011.2,1009
1747.9,1033.3,1039.3,1048.7,1008.5,1008.1,1008.6
1748.7,1042.8,1034.8,1044.6,1032.5,1021,1025.9
1749.6,1058.6,1053.6,1013.5,1029.6,1003.8,1013.9
1750.4,1051.8,1049.3,1017.2,1030.1,1018,1020.6
1751.3,1046.7,1043.9,1025.7,1033.6,1016.1,1024
1752.1,1036.7,1035.4,1030.9,1004.3,1004.3,1014.3
1753,1048.6,1026.8,1024.1,1007.7,1009.8,1005
1753.9,1056.4,1060.2,1040.8,1016.9,1013.2,989.57
1754.7,1050.1,1056.7,1026.7,1015.2,1018.3,1006.9
1755.6,1048.5,1060.6,1044.4,1021.1,1008,1026.8
1756.4,1046.9,1040.4,1004.6,1033.9,1025.1,1007.7
1757.3,1049,1047.8,1016.6,1018.1,1017.6,1010.5
1758.2,1052.7,1052.7,1024.9,1009.1,1024.3,1029.7
1759,1047.9,1031.2,1021.6,1017.8,1019,1019.9
1759.9,1058.9,1027.1,1037.1,1013.7,1000.3,1018.8
1760.7,1044.6,1035.9,1042.8,1017.2,1014,993.71
1761.6,1048.9,1021,1007.5,1024.1,1021.9,998.6
1762.4,1050.2,1036.6,1019.8,1026.6,1020.9,1018.8
1763.3,1052.5,1039.3,1039.7,1013.3,999.09,1017.7
1764.2,1039.7,1035.3,1032.7,1014.1,1003.3,1017.2
1765,1055.3,1045.5,1033.9,1038.3,1017.9,1014.9
1765.9,1062.8,1037.6,1018.9,1018.9,1027.3,1001.4
1766.7,1043.1,1025.1,1023.2,1008.9,1031.8,996.74
1767.6,1080.3,1060.8,1020.7,1002.6,1011.2,1001.7
1768.4,1044.2,1028.7,1042.5,1011.2,1028.7,1006.7
1769.3,1049,1054.9,1031.1,1003.8,1009.7,1015.1
1770.2,1056.8,1051.8,1031.8,1002.2,1016.8,1023
1771,1049.3,1052.8,1030.7,1024.6,1015.1,1015.3
1771.9,1047.1,1052.5,1024.9,1019.7,1016.2,1009.9
1772.7,1054.9,1026.3,1027.5,1007.1,1010.5,1005.8
1773.6,1044.1,1045.5,1016.5,1018.2,1023.4,995.04
1774.5,1044.3,1043.7,1016.2,1013.3,1019.3,999.51
1775.3,1044,1024.2,1019.9,1022,1005.8,1015.6
1776.2,1052.6,1036.7,1010.5,1008.9,1030.8,1000.8
1777,1071.8,1037.1,1019.7,1032.2,1017.3,1003.4
1777.9,1044.9,1036.1,1014.3,1014.5,993.56,996.93
1778.7,1043.8,1057.2,1036.7,1007.4,1030.6,1030.6
1779.6,1060,1066.5,1021.5,1013.3,998.76,1025.3
1780.5,1056.3,1032.8,1019.6,1010.5,986.34,1015
1781.3,1052.6,1012,1020.5,1036.2,1019.4,1001.4
1782.2,1049.6,1021.2,1034.3,1025.8,1025,992.28
1783,1060.5,1057.5,1021.5,1008,1006.1,1001.7
1783.9,1045.7,1042.1,1046.3,1035.5,1018.4,1000.9
1784.8,1082.6,1027,1029.6,1018.8,980.62,1013.3
1785.6,1036.6,1055,1027.4,1035.2,991.32,1016.3
1786.5,1029.9,1033.4,1025.8,1019.1,1011.8,1003.2
1787.3,1033.3,1020.4,1033,1016.1,1021.9,1006.7
1788.2,1056.3,1022.1,1024.5,1025.6,1007.7,1004.4
1789,1055,1033.1,1009.9,1014.2,1006.9,1008.6
1789.9,1046.6,1030.9,1003.7,1026.6,1013.4,1014.1
1790.8,1053.6,1037.6,1037.8,1023.3,1016.6,1012.2
1791.6,1042,1019.5,1024.2,1026.6,1007.7,1011.7
1792.5,1049,1014.9,1015.2,1033.4,1018.7,991.19
1793.3,1047.2,1029.9,1008.8,1020.1,998.49,992.94
1794.2,1036.1,1044,1022.8,1028.6,1003.6,991.9
1795.1,1050.3,1039.4,1020.2,1000.4,987.95,1003.9
1795.9,1026.6,1034.1,1040.8,1016.3,1002,1007.8
1796.8,1030.3,1020.9,1013.4,1008,1012.8,1030.2
1797.6,1032,1018.4,1036.9,1000.1,1017.6,1007.4
1798.5,1035.8,1033.2,1023.2,1009.6,1007.2,986.86
1799.3,1041.5,1019.6,1019.9,1015.8,1011.4,993
1800.2,1044,1040.6,1035.4,1004.3,1022,985.48
1801.1,1041.6,1016.8,1002.8,1030.5,1020.6,1008.5
1801.9,1053.8,1036,1014.6,998.92,1003.5,1004.1
1802.8,1029.4,1055.2,1012.6,1015.8,1014,1003
1803.6,1035.2,1063.9,998.31,1004.2,1002.5,990.62
1804.5,1044.1,1040.6,1025.1,1014.9,1007.1,990.75
1805.3,1031.5,1027.7,1019,1018.5,1016.2,998.18
